0,0,0,0.0713201231,0,0,0,0,0,0,0,0,0,0,0,0,0,0,0.8245548455,0,0,0,0.0133253287,0,0.0020448062,0,0,0,0,0,1
0,0,0,0,0,0,0,0,0,0,0,0,0.1474455287,0,0,0,0,0,0,0,0.0851277157,0,0,0,0.0051713991,0,0,0,0,0.0867777089,1
0,0,0,0,0,0,0,0,0,0,0,0,0,0.0242006414,0,0,0,0,0,0.0252503822,0,0,0.0432789669,0,0.0094838066,0,0,0,0,0,1
0,0,0,0,0,0,0,0,0,0,0,0,0,0.0324217368,0,0,0,0,0,0.0450399935,0,0,0.0435061052,0,0.011687369,0,0,0,0,0,1
0,0,0,0,0,0,0,0,0,0,0,0,0,0.0240068865,0,0,0,0,0,0.0277490079,0,0,0.0434702645,0,0.0094078775,0,0,0,0,0,1
0,0,0,0,0,0.0780734217,0,0,0,0,0,0,0,0,0,0,0,0,0,0,0,0.106164178,0,0,0.0048370028,0,0.186553001,0,0,0,1
0,0,0,0.0665752266,0.1010017278,0,0,0.1089895788,0,0,0,0,0,0.0346323013,0,0,0,0,0.0447188821,0,0,0,0.0062194002,0,0.003117002,0,0,0.3497143759,0,0,1
0,0,0.026282017,0,0,0,0,0,0,0,0,0,0,0.0253711805,0,0,0,0,0,0.0696727412,0,0,0.0391943698,0,0.0079101922,0,0,0,0,0,1
0,0,0,0,0,0,0,0,0,0,0,0,0.1208371469,0,0,0,0,0,0,0,0.085444766,0,0,0,0.0051906595,0,0,0,0,0.0871009045,1
0,0,0,0,0,0,0,0,0,0,0,0,0,0.0241636252,0,0,0,0,0,0.0234298026,0,0,0.0442887707,0,0.0094693006,0,0,0,0,0,1
0,0,0.0515276313,0,0,0,0,0,0,0,0,0,0,0.0222452433,0,0,0,0,0.0185413403,0.0232101656,0,0,0.0428403718,0,0.0087175204,0,0,0,0,0,1
0,0,0.0621102459,0,0,0,0,0,0.1379535633,0.0421529416,0,0,0,0.0208608668,0,0,0,0,0.0809071808,0.0534202175,0,0,0.0416288825,0,0.0068090552,0,0,0,0,0,1
0,0,0,0,0,0,0,0,0,0,0,0,0,0,0,0,0,0,0,0,0,0,0,0,0.0101275316,0,0,0,0,0,0
0,0,0,0,0.0724599545,0,0,0,0,0,0.0391138367,0,0,0.0293977859,0,0,0,0,0,0.0618912299,0,0,0.0382526412,0,0.0077865883,0,0,0,0,0,1
0,0,0.0216837327,0,0,0,0,0,0,0,0,0,0,0.0229301371,0,0,0,0,0,0.0318543461,0,0,0.041178811,0,0.0089859183,0,0,0,0,0,1
0,0,0.0379364747,0,0,0,0,0,0,0,0,0.1418373417,0,0.0084979916,0,0,0,0,0.1097301277,0.0230859243,0,0,0.0232877876,0,0.0057997057,0,0,0,0,0,1
0,0,0,0,0,0,0,0,0,0,0,0,0,0.0230941863,0,0,0,0,0,0.032894579,0,0,0.0409517178,0,0.0090502063,0,0,0,0,0,1
0,0,0,0,0,0,0,0,0,0,0,0,0,0,0,0,0,0,0,0,0.0925966003,0.1309513679,0,0,0.0065960428,0,0,0,0,0,1
0,0,0.0664072917,0,0,0,0,0,0,0,0,0,0,0.0276968984,0,0,0,0,0.0261762445,0.0606354639,0,0,0.0415084561,0,0.0077408694,0,0,0,0,0,1
0,0,0,0,0,0,0,0,0,0,0,0,0,0.0244646072,0,0,0,0,0,0.023088953,0,0,0.0428220251,0,0.0095872502,0,0,0,0,0,1
0,0,0,0,0,0,0,0,0,0,0,0,0,0,0,0,0,0,0.0758692288,0.0578056445,0,0,0.0470410279,0,0.0081497376,0,0,0,0,0,0
0,0,0,0,0,0,0,0,0,0,0,0,0,0.024147813,0,0,0,0,0,0.0279119016,0,0,0.0430026616,0,0.0094631041,0,0,0,0,0,1
0,0,0,0,0,0,0,0,0,0,0,0,0.1477193368,0,0,0,0,0,0,0,0.0852857988,0,0,0,0.0051810025,0,0,0,0,0.0869388561,1
0,0,0,0,0,0,0,0,0,0,0,0,0,0,0,0,0,0,0.0559022229,0.0319052087,0,0,0.0682322277,0,0.0045407127,0,0,0,0,0,0
0,0,0,0,0,0,0,0,0,0,0,0,0,0.0308788826,0,0,0,0,0,0.0657824146,0,0,0.0399055879,0,0.0081788863,0,0,0,0,0,1
0,0,0.0311983175,0,0,0,0,0,0.0514242658,0,0.0242161265,0,0,0.0148608363,0,0,0,0,0.0609513106,0.0624419877,0,0,0.0478467719,0,0.0068176778,0,0,0.3642825282,0,0,1
0,0,0.0390127431,0.0457877991,0,0,0,0,0,0,0,0,0,0,0,0,0,0,0.0434953722,0.022850972,0,0,0.0380188665,0,0.0068213718,0,0,0,0,0,1
0,0,0,0,0,0,0,0,0,0,0,0,0,0.0236477619,0,0,0,0,0,0.0223180392,0,0,0.044540341,0,0.0092671428,0,0,0,0,0,1
0,0,0,0,0.0700651018,0,0,0,0,0,0.0378210967,0,0,0.0284261683,0,0,0,0,0,0.0615397613,0,0,0.0378587979,0,0.0075292361,0,0,0,0,0,1
0,0,0,0,0,0,0,0,0,0,0,0,0.1454131754,0,0,0,0,0,0,0,0.0839543359,0,0,0,0.0051001178,0,0,0,0,0.0855815861,1
0,0,0,0,0,0,0,0,0,0,0,0,0,0.0316576493,0,0,0,0,0,0.0666489258,0,0,0.0407706885,0,0.0083851581,0,0,0,0,0,1
0,0,0,0,0,0,0,0,0,0,0,0,0,0,0,0,0,0,0.0692328661,0.0489703622,0,0,0.0617536438,0,0.0073204217,0,0,0,0,0,0
0,0,0,0,0,0,0,0,0,0,0,0,0,0,0,0,0,0,0.065835486,0.0410189058,0,0,0.0561450578,0,0.0069499109,0,0,0,0,0,0
0,0,0,0.1458747167,0,0,0,0,0,0,0,0,0,0,0,0,0,0,0.0489923549,0.0130753731,0,0,0.0272549802,0,0.0048293587,0,0,0,0,0,1
0,0,0,0,0,0,0,0,0,0,0,0,0,0,0,0,0,0,0,0,0,0,0,0,0.0071009823,0,0,0,0,0,0
0,0,0,0,0,0,0,0,0,0,0,0,0,0.0242644954,0,0,0,0,0,0.025317006,0,0,0.0424717561,0,0.0095088299,0,0,0,0,0,1
0,0,0,0,0,0,0,0,0,0,0,0,0,0.0261469494,0,0,0,0,0,0.1092198045,0,0,0.0308871449,0,0.0054850971,0,0,0,0,0,1
0,0,0,0.0608647408,0,0,0,0,0,0,0,0,0,0,0,0,0,0,0,0.0331849144,0,0,0.0170577946,0,0.0014248207,0,0,0,0,0,1
0,0,0.0167083355,0,0,0,0,0,0,0,0,0,0,0.0228102565,0,0,0,0,0,0.0622690722,0,0,0.0361780056,0,0.0075081476,0,0,0,0,0,1
0,0,0,0,0,0,0,0,0,0.4795600151,0,0,0,0,0,0,0,0.2761107915,0,0,0,0,0,0.2209295567,0,0,0,0,0,0,0
0,0,0,0,0,0,0,0,0,0,0,0,0,0,0,0,0,0,0.0590939444,0.0562044385,0,0,0.0447746802,0,0.0083097189,0,0,0,0,0,0
0,0,0.036669712,0,0,0,0,0,0,0,0,0,0,0.0264900937,0,0,0,0,0,0.0848686947,0,0,0.0358484344,0,0.0070883935,0,0,0,0,0,1
0,0,0,0,0,0,0,0,0,0,0,0,0,0,0,0,0,0,0,0,0,0,0,0,0.0056014463,0,0,0,0,0,0
0,0,0.0241272045,0,0,0,0,0,0,0,0,0,0,0.027558337,0,0,0,0,0,0.0826375213,0,0,0.0387887127,0,0.0074113911,0,0,0,0,0,1
0,0,0,0,0,0,0,0,0,0,0,0,0,0,0,0,0,0,0,0,0,0,0,0,0,0,0,0,0,0,1
0,0,0.0374397302,0,0,0,0,0,0,0,0,0,0,0.0309503387,0,0,0,0,0,0.0341099188,0,0,0.0427260647,0,0.0091525394,0,0,0,0,0,1
0,0,0.0152297541,0.0282622137,0.1174229419,0,0,0,0,0,0.0327317846,0.0580688429,0,0.0185966563,0,0.7776561594,0,0,0.0328810053,0.0175509592,0,0,0.0777412598,0,0.0058804987,0,0,0,0,0,1
0,0,0.0440357569,0,0,0,0,0,0,0,0,0,0,0.0306541388,0,0,0,0,0,0.0646904414,0,0,0.0403955584,0,0.0082945363,0,0,0,0,0,1
0,0,0.0716982313,0,0.0257395126,0,0,0,0.0571362506,0,0.0138941723,0,0,0.0269149974,0.0277751549,0,0,0,0.0624199019,0.0516384129,0,0,0.0425586312,0,0.0067167877,0,0,0,0,0,1
0,0,0.0229455598,0,0,0,0,0,0,0,0,0,0,0.0242644954,0,0,0,0,0,0.0241388181,0,0,0.0433931596,0,0.0095088299,0,0,0,0,0,1
0,0,0,0,0,0,0,0,0,0,0,0,0,0.0236812126,0,0,0,0,0,0.0714080789,0,0,0.038481035,0,0.0081247716,0,0,0,0,0,1
0,0,0,0,0,0,0,0,0,0,0,0,0,0,0,0,0,0,0,0,0,0.1347235386,0,0,0.0067860477,0,0,0,0,0,1
0,0,0,0,0,0,0,0,0,0,0,0,0,0,0,0,0,0,0,0,0,0,0,0,0.0099049213,0,0,0,0,0,0
0,0,0.022751039,0,0,0,0,0,0,0,0,0,0,0.0240587933,0,0,0,0,0,0.0278090058,0,0,0.0430252944,0,0.0094282189,0,0,0,0,0,1
0,0,0,0,0,0,0,0,0,0,0,0,0,0.0269598909,0,0,0,0,0,0.0709090156,0,0,0.0400710358,0,0.0084055181,0,0,0,0,0,1
0,0,0.0203403445,0,0,0,0,0,0,0,0,0,0,0.0124185326,0.0504543111,0.0527955778,0,0,0.0207016158,0.0363348251,0,0,0.037262262,0,0.0062896604,0,0,0,0,0,1
0,0,0,0.0447154068,0.1036243282,0,0,0,1.6819562753,0,0,0,0,0.0104025756,0,0,0,0,0.0212383353,0.0153495964,0,0,0.0211630263,0,0.0033648975,0,0,0,0,0,1
0,0,0,0,0,0.0756910668,0,0,0,0,0,0,0.1029246536,0,0,0,0,0,0,0,0.0727787205,0.0727787205,0,0,0.0051843324,0,0,0,0,0.1049195971,1
0,0,0,0,0,0,0,0,0,0,0,0,0,0.030146113,0,0,0,0,0,0.0664340013,0,0,0.0381440549,0,0.0079847976,0,0,0,0,0,1
0,0,0,0,0,0,0,0,0,0,0,0,0,0,0,0,0,0,0,0,0,0,0,0,0.0031459189,0,0,0,0,0,0
0,0,0,0,0.0642886983,0,0,0,0,0,0.0347029979,0,0,0.0311746925,0,0,0,0,0.0493011892,0.0755857869,0,0,0.036065618,0,0.0070495048,0,0,0,0,0,1
0,0,0.0670940652,0,0,0,0,0,0,0,0,0,0,0.0380124342,0,0,0,0,0.0139387692,0.0798731224,0,0,0.039348719,0,0.0069042461,0,0,0,0,0,1
0,0,0.0284445714,0,0.7273707007,0,0,0,0,0,0.0386639467,0,0,0.0421829918,0,0,0,0,0,0.0547695461,0,0,0.0432144648,0,0.0065386205,0,0,0,0,0,1
0,0,0.0497841063,0,0,0,0,0,0,0,0,0,0,0.0198982233,0,0,0,0,0.0165851066,0.0692830635,0,0,0.0383204299,0,0.0078829885,0,0,0,0,0,1
0,0,0,0,0,0,0,0,0,0,0,0,0,0.0239656021,0,0,0,0,0,0.026655577,0,0,0.0432172927,0,0.0093916988,0,0,0,0,0,1
0,0,0,0,0.0623412176,0,0,0,0,0,0.033651749,0,0,0.0270388253,0,0,0,0,0,0.0875502554,0,0,0.0348675919,0,0.006835956,0,0,0,0,0,1
0,0,0,0,0,0,0,0,0,0,0,0,0,0,0,0,0,0,0.0324285695,0.0455442064,0,0,0.039476928,0,0.0078925419,0,0,0,0,0,0
0,0,0,0,0,0,0,0,0,0,0,0,0,0,0,0,0,0,0.1030990432,0.0410101403,0,0,0.0542327148,0,0.0082820865,0,0,0,0,0,0
0,0,0,0.114879679,0,0,0,0,0,0,0,0,0,0.0154300126,0,0,0,0,0.0771652021,0.0252227771,0,0,0.0223403572,0,0.0026892901,0,0,0,0,0,1
0,0,0,0,0,0,0,0,0,0,0,0,0,0.0267084505,0,0,0,0,0,0.0703982701,0,0,0.0405572842,0,0.0083271244,0,0,0,0,0,1
0,0,0,0,0.0735058435,0,0,0,0,0,0.0396784069,0,0,0.0298221144,0,0,0,0,0,0.0629345927,0,0,0.0388047809,0,0.0078989802,0,0,0,0,0,1
0,0,0.0527088702,0,0,0,0,0,0.1473124861,0,0,0,0,0.0197065827,0,0,0,0,0.0837533062,0.0205613867,0,0,0.0506705248,0,0.0096808715,0,0,0,0,0,1
0,0,0,0,0,0,0.1729592774,0,0,0,0,0,0,0,0,0,0,0,0,0,0,0,0,0,0.0026701035,0,0,0,0,0,0
0,0,0.0273838788,0,0,0,0,0,0,0,0,0,0,0.0264348559,0,0,0,0,0,0.0699742598,0,0,0.0394338013,0,0.0082418234,0,0,0,0,0,1
0,0,0,0,0,0.0839629575,0,0,0,0,0,0,0,0,0,0,0,0,0,0,0,0.1141727642,0,0,0.0052018863,0,0.8790981546,0,0,0,1
0,0,0,0,0,0,0,0,0,0,0,0,0,0.0240783454,0,0,0,0,0,0.0718608967,0,0,0.0391263601,0,0.0082610236,0,0,0,0,0,1
0,0,0,0,0,0,0,0,0,0,0,0,0,0.0295716862,0,0,0,0,0,0.067084548,0,0,0.0405603447,0,0.008372555,0,0,0,0,0,1
0,0,0,0,0,0.0756296708,0,0,0,0,0,0,0.1028411673,0,0,0,0,0,0,0,0.0727196868,0.0727196868,0,0,0.0051801272,0,0,0,0,0.1048344926,1
0,0,0.0229759312,0,0,0,0,0,0,0,0,0,0,0.0221796713,0,0,0,0,0,0.0259202619,0,0,0.0432676453,0,0.0093631543,0,0,0,0,0,1
0,0,0,0,0,0,0,0,0,0,0,0,0,0.023970751,0,0,0,0,0,0.0261226361,0,0,0.0419575957,0,0.0093937166,0,0,0,0,0,1
0,0,0.0121972027,0,0,0,0,0,0,0,0,0,0,0.0128983111,0,0.0548352858,0,0,0.0186207616,0.0372997516,0,0,0.0371696623,0,0.0063141099,0,0,0,0,0,1
0,0,0,0,0,0,0.0724959234,0,0,0,0,0,0,0,0,0,0,0,0.013110101,0.0321632677,0,0,0.0586021787,0,0.0064937845,0,0,0,0,0,0
0,0,0,0,0,0.1106037929,0,0,0,0,0,0,0,0,0,0,0,0,0,0,0,0.1503989513,0,0,0.0048453834,0,0,0,0,0,1
0,0,0.0516232477,0,0,0,0,0,0,0,0,0,0,0.0257342593,0,0,0,0,0.0185757462,0.024788032,0,0,0.0419764588,0,0.0087815532,0,0,0,0,0,1
0,0,0,0,0,0,0,0,0,0,0,0,0,0.0253811321,0,0,0,0,0,0.0742001631,0,0,0.040033725,0,0.0083599435,0,0,0,0,0,1
0,0,0,0,0,0,0,0,0,0,0,0,0,0.0236366431,0,0,0,0,0,0.0722847094,0,0,0.0382617328,0,0.0081094803,0,0,0,0,0,1
0,0,0,0,0,0,0,0,0,0,0,0,0,0,0,0,0,0,0.0784356139,0.0513294509,0,0,0.0501085797,0,0.0083474509,0,0,0,0,0,0
0,0,0,0.1676492821,0,0,0,0,0,0,0,0,0,0,0,0,0,0,0.0563053921,0.0150271202,0,0,0.0271267756,0,0.0039246067,0,0,0,0,0,1
0,0,0.0221730502,0,0,0,0,0,0,0,0,0,0,0.0234475811,0,0,0,0,0,0.0299629628,0,0,0.0417556817,0,0.0091886955,0,0,0,0,0,1
0,0,0,0,0,0,0,0,0,0,0,0,0,0.0304491862,0,0,0,0,0,0.0647152806,0,0,0.0379691356,0,0.0080650726,0,0,0,0,0,1
0,0,0,0,0,0,0,0,0,0,0,0,0,0.0266445597,0,0,0,0,0,0.0708275781,0,0,0.0396023526,0,0.0083072046,0,0,0,0,0,1
0,0,0,0,0.1039614284,0,0,0,0,0,0,0,0,0.0217251328,0,0,0,0,0.0275077683,0.0212775086,0,0,0.0524555986,0,0.0069131055,0,0,0,0,0,1
0,0,0,0,0,0,0,0,0,0,0,0,0,0.024275187,0,0,0,0,0,0.0269999107,0,0,0.0426764251,0,0.0095130197,0,0,0,0,0,1
0,0,0,0.0538994719,0.1249076542,0,0,0,0,0,0,0,0,0.0191538728,0,0.3693312779,0,0,0.0330500539,0,0,0,0.0704933899,0,0.0058732028,0,0,0,0,0,1
0,0,0.0373348323,0,0,0,0,0,0,0,0.0358844254,0,0,0.0322360025,0,0,0,0,0,0.0758553059,0,0,0.0370680945,0,0.0072894979,0,0,0,0,0,1
0,0,0,0,0,0,0,0,0,0,0,0,0,0,0,0,0,0,0,0,0,0,0,0,0,0,1.2943271953,0,0,0,1
0,0,0,0,0,0,0,0,0,0,0,0,0,0,0,0,0,0,0,0,0,0,0,0,0,0,0,0,0,0,1
0,0,0,0,0,0,0,0,0,0,0,0,0,0.0240587933,0,0,0,0,0,0.0251023813,0,0,0.0437424321,0,0.0094282189,0,0,0,0,0,1
0,0,0,0,0.0699474441,0,0,0,0,0,0.0377575852,0,0,0.0312715105,0,0,0,0,0,0.0629468143,0,0,0.0380398549,0,0.0076319434,0,0,0,0,0,1
0,0,0.0226386151,0,0,0,0,0,0,0,0,0,0,0.0239399072,0,0,0,0,0,0.0276715881,0,0,0.0433489823,0,0.0093816295,0,0,0,0,0,1
0,0,0,0,0,0,0,0,0,0,0,0,0,0,0,0,0,0,0,0,0,0,0,0,0.0029098215,0,0,0,0,0,0
0,0,0.0278041013,0,0,0,0,0,0,0,0,0,0,0.0129652005,0,0.0510308859,0,0,0.0200096644,0.0508030596,0,0,0.0359629745,0,0.0059377917,0,0,0,0,0,1
0,0,0.0406273041,0,0.0723398218,0,0,0,0,0,0.0390489892,0,0,0.0293490468,0,0,0,0,0,0.0628148351,0,0,0.0375341262,0,0.0077736788,0,0,0,0,0,1
0,0,0,0,0,0,0,0,0,0,0,0,0,0.016097372,0,0,0,0,0,0.0418537644,0,0,0.0214389483,0,0.0044017935,0,0,0,0,0,1
0,0,0.0475332279,0.0557879738,0,0,0,0.0645799808,0,0,0.0456866274,0,0,0.0304372652,0.0645799808,0,0,0,0.0495721662,0.0180296098,0,0,0.0511964791,0,0.0123205481,0,0,0,0,0,1
0,0,0,0,0,0,0,0,0,0,0,0,0,0.0258419989,0,0,0,0,0,0.0706857285,0,0,0.0395150247,0,0.0080569833,0,0,0,0,0,1
0,0,0,0,0,0,0,0,0,0,0,0,0,0.0243612313,0,0,0,0,0,0.0265481704,0,0,0.0426410794,0,0.009546739,0,0,0,0,0,1
0,0,0,0.0684295592,0.0847645503,0,0,0,0,0,0.0457558496,0,0,0,0,0,0,0,0.0419596062,0.0287692901,0,0,0.0374573955,0,0.0030674246,0,0,0,0,0,1
0,0,0,0,0,0,0,0,0,0,0,0,0,0.0244209204,0,0,0,0,0,0.0236792841,0,0,0.0436729006,0,0.0095701301,0,0,0,0,0,1
0,0,0,0.105850238,0,0,0,0,0,0,0,0,0,0,0,0,0,0,0,0,0,0,0.1217121698,0,0.0024779143,0,0,0,0,0,1
0,0,0,0,0,0,0,0,0,0,0,0,0,0.03124476,0,0,0,0,0,0.0348148983,0,0,0.0437910545,0,0.0092396048,0,0,0,0,0,1
0,0,0.0198158897,0,0,0,0,0,0,0,0,0,0,0.0241966672,0,0,0,0,0,0.0717612666,0,0,0.0393186284,0,0.0083016186,0,0,0,0,0,1
0,0,0,0,0,0,0,0,0,0,0,0,0,0,0,0,0,0,0.0163885265,0.0092783754,0,0,0.0189331126,0,0.000807739,0,0,0,0,0,0
0,0,0,0,0,0,0,0,0,0,0,0,0,0.0239862176,0,0,0,0,0,0.0261394912,0,0,0.042714891,0,0.0093997777,0,0,0,0,0,1
0,0,0,0,0,0,0,0,0,0,0,0,0,0,0,0,0,0,0.0860235921,0.0548988788,0,0,0.0485411822,0,0.0082314262,0,0,0,0,0,0
0,0,0,0,0,0,0,0,0,0,0,0,0,0.0244427345,0,0,0,0,0,0.0230683102,0,0,0.0442594726,0,0.0095786787,0,0,0,0,0,1
0,0,0,0,0,0,0,0,0,0,0,0,0,0,0,0,0,0,0.0620218588,0.0545728504,0,0,0.0446766917,0,0.0078713085,0,0,0,0,0,0
0,0,0,0,0,0.0762085832,0,0,0,0,0,0,0.103628372,0,0,0,0,0,0,0,0.0732763246,0.0732763246,0,0,0.0052197788,0,0,0,0,0.1056369553,1
0,0,0,0,0,0,0,0,0,0,0,0,0,0,0,0,0,0,0,0,0,0,0,0,0,0,0,0,0,0,1
0,0,0.0301082025,0,0,0,0,0,0,0,0,0,0,0.0318388545,0,0,0,0,0,0.0400647247,0,0,0.0404305443,0,0.0114772519,0,0,0,0,0,1
0,0,0.0519035745,0,0,0,0,0,0.1367655945,0,0,0,0,0.0214535896,0,0,0,0,0.087601099,0.0169033548,0,0,0.050300397,0,0.0083609637,0,0,0,0,0,1
0,0,0,0,0,0,0,0,0,0,0,0,0,0,0,0,0,0,0.06728174,0.0367044336,0,0,0.0488092863,0,0.0069449567,0,0,0,0,0,0
0,0,0.0431289904,0,0,0,0,0,0,0,0,0,0,0.0322497906,0,0,0,0,0,0.0669907564,0,0,0.0402640471,0,0.0082947834,0,0,0,0,0,1
0,0,0,0,0,0,0,0,0,0,0,0,0.0627115579,0,0,0,0,0,0.0950607434,0.0619301208,0,0,0.0493801389,0,0.0079113249,0,0,0,0,0,0
0,0,0,0,0.0731521979,0,0,0,0,0,0.0394875092,0,0,0.0296786366,0,0,0,0,0,0.0624825055,0,0,0.0382219929,0,0.0078609772,0,0,0,0,0,1
0,0,0.0394161948,0,0.0701833552,0,0,0,0,0,0.0378849298,0,0,0.0313769796,0,0,0,0,0,0.0627494293,0,0,0.0386543896,0,0.0076576836,0,0,0,0,0,1
0,0,0.0380237084,0,0,0,0,0,0,0,0,0,0,0.0314330966,0,0,0,0,0,0.0338633888,0,0,0.0440550174,0,0.0092952991,0,0,0,0,0,1
0,0,0,0,0,0,0,0,0,0,0,0,0,0,0,0,0,0,0.0410217571,0,0,0,0,0,0,0,0,0,0,0,1
0,0,0.0372581767,0,0,0,0,0,0,0,0,0,0,0.0308002537,0,0,0,0,0,0.0343196012,0,0,0.0433288328,0,0.0091081568,0,0,0,0,0,1
0,0,0.0511317665,0,0,0,0,0,0,0,0,0,0,0.0371566553,0,0,0,0,0,0.0264433526,0,0,0.0447620556,0,0.0086505474,0,0,0,0,0,1
0,0,0.0465159382,0.0668637447,0,0,0,0.0631978624,0,0,0.044708858,0,0,0.0269423218,0.0631978624,0,0,0,0.0550065757,0.0176437463,0,0,0.0494475573,0,0.0120229527,0,0,0,0,0,1
0,0,0,0,0,0,0,0,0,0,0,0,0,0,0,0,0,0,0.0244096043,0,0,0,0.0048010177,0,0.0014734572,0,0,0,0,0,1
0,0,0,0.0874029574,0,0,0,0,0,0,0,0,0,0,0,0,0,0,0,0,0,0,0,0,0,0,0,0,0,0,1
0,0,0.0197996405,0.0367426597,0,0,0,0,0,0,0,0,0,0.0085477987,0,0,0,0,0,0.0218459528,0,0,0.0613058308,0,0.0014897921,0,0,0,0,0,1
0,0,0.0238246481,0,0,0,0,0,0,0,0,0,0,0.0308563626,0,0,0,0,0,0.08609637,0,0,0.0397234074,0,0.0074633857,0,0,0,0,0,1
0,0,0,0.0358171103,0.0830032479,0,0,0,2.0400220967,0,0,0,0,0.0083324792,0,0,0,0,0.0170119396,0.0122950505,0,0,0.0168411818,0,0.0026514594,0,0,0,0,0,1
0,0,0.0649427529,0,0,0,0,0,0.148197513,0,0,0,0,0.0236953789,0,0,0,0,0.0794923123,0.0208188001,0,0,0.0500790054,0,0.0091418284,0,0,0,0,0,1
0,0,0,0,0,0,0,0,0,0,0,0,0,0,0.0473181882,0,0,0,0.0543384662,0.0314470823,0,0,0.0364273292,0,0.0067549975,0,0,0,0,0,0
0,0,0,0,0,0,0,0,0,0,0,0,0,0.0243991645,0,0,0,0,0,0.0236581889,0,0,0.0434502708,0,0.0095616043,0,0,0,0,0,1
0,0,0.0221844555,0,0,0,0,0,0,0,0,0,0,0.0287320762,0,0,0,0,0,0.0938616667,0,0,0.0370885097,0,0.0069495738,0,0,0,0,0,1
0,0,0,0.1926012144,0,0,0,0,0,0,0,0,0,0,0,0,0,0,0,0,0,0,0,0,0,0,0,0,0,0,1
0,0,0.0530879921,0,0,0,0,0,0.135444548,0,0,0,0,0.0268747622,0,0,0,0,0.0843557231,0.0282712871,0,0,0.0491323871,0,0.0091525962,0,0,0,0,0,1
0,0,0,0,0.0984965756,0,0,0,0,0,0,0,0,0.0261606967,0,0,0,0,0.0260617906,0.0448617995,0,0,0.0506927955,0,0.0066744777,0,0,0,0,0,1
0,0,0,0,0,0,0,0,0,0,0,0,0,0,0,0,0,0,0.0797191685,0.0498102746,0,0,0.0505159708,0,0.0061093787,0,0,0,0,0,0
0,0,0,0,0,0,0,0,0,0,0,0,0,0,0,0,0,0,0,0,0,0,0,0,0.0101275316,0,0,0,0,0,0
0,0,0.0438582928,0,0,0,0,0,0,0,0,0,0,0.0316831037,0,0,0,0,0,0.066382597,0,0,0.0409449039,0,0.0083919002,0,0,0,0,0,1
0,0,0.0193602911,0,0,0,0,0,0,0,0,0,0,0.0236403476,0,0,0,0,0,0.0704065688,0,0,0.0391408698,0,0.0081107512,0,0,0,0,0,1
0,0,0,0,0.1424551715,0,0,0,0.1632954202,0,0,0,0,0,0,0,0,0,0,0.0445364041,0,0,0.0623366715,0,0.0021981459,0,0,0,0,0,1
0,0,0.026617819,0,0,0,0,0,0,0,0,0,0,0.0125880967,0,0.0535164547,0,0,0.0209842781,0.0362948037,0,0,0.0368001984,0,0.0061839107,0,0,0,0,0,1
0,0,0.0225517844,0,0,0,0,0,0,0,0,0,0,0.0238480853,0,0,0,0,0,0.0275654533,0,0,0.0424689036,0,0.0093456461,0,0,0,0,0,1
0,0,0,0,0,0,0,0,0,0,0,0,0,0.0232336171,0,0,0,0,0,0.026353193,0,0,0.043260169,0,0.0091048468,0,0,0,0,0,1
0,0,0.0711261698,0,0,0,0,0,0,0,0,0,0,0.0168184911,0,0,0,0,0.0686746757,0.0261887524,0,0,0.0523862318,0,0.0077554575,0,0,0,0,0,1
0,0,0,0.0568655778,0.1317813641,0,0,0,0,0,0,0,0,0.0202079168,0,0.3557053622,0,0,0.0348688094,0,0,0,0.0743726646,0,0.0062438899,0,0,0,0,0,1
0,0,0.0310050153,0,0.0552066481,0,0,0,0,0,0.029800513,0,0,0.0287083245,0,0,0,0,0,0.0958196744,0,0,0.0316168889,0,0.0061428702,0,0,0,0,0,1
0,0,0,0,0,0,0,0,0,0,0,0,0,0,0,0,0,0,0,0,0,0,0,0,0.0095004668,0,0,0,0,0,0
0,0,0.0196678878,0,0,0,0,0,0,0,0,0,0,0.0240159459,0,0,0,0,0,0.0722694886,0,0,0.0394692848,0,0.008239615,0,0,0,0,0,1
0,0,0,0.0764775877,0,0,0.0946888322,0,0,0,0,0,0,0,0,0,0,0,0.0726486358,0.0185634613,0,0,0.0136806189,0,0.0058471331,0,0,0,0,0,1
0,0,0,0,0,0,0,0,0,0,0,0,0,0,0,0,0,0,0,0.0386478967,0,0,0.0396954304,0,0.0063110977,0,0,0,0,0,0
0,0,0,0,0,0,0,0,0,0,0,0,0,0,0,0,0,0,0.1731023447,0,0,0,0,0,0,0,0,0,0,0,1
0,0,0.0191307792,0,0,0,0,0,0,0,0,0,0,0.0233600965,0,0,0,0,0,0.0705833972,0,0,0.0388187974,0,0.0080146001,0,0,0,0,0,1
0,0,0.0228352199,0,0,0,0,0,0,0,0,0,0,0.024147813,0,0,0,0,0,0.0263155932,0,0,0.042081727,0,0.0094631041,0,0,0,0,0,1
0,0,0.0221730502,0,0,0,0,0,0,0,0,0,0,0.0234475811,0,0,0,0,0,0.0275998551,0,0,0.0434890138,0,0.0091886955,0,0,0,0,0,1
0,0.0245932302,0,0,0,0,0,0,0,0,0.0137118193,0,0,0,0.023738295,0,0,0,0.1088230192,0.0175663251,0,0,0.0445786878,0,0.00895522,0,0,0,0.0425967243,0,0
0,0,0,0,0,0,0,0,0,0,0,0,0,0.0219073212,0,0,0,0,0,0.035477822,0,0,0.0390127718,0,0.0085850947,0,0,0,0,0,1
0,0,0.0604477526,0,0,0,0,0,0.1209814275,0,0,0,0,0.0270812983,0,0,0,0,0.0753479999,0.0618555086,0,0,0.044077965,0,0.0082720102,0,0,0,0,0,1
0,0,0.0293714651,0,0,0,0,0,0,0,0,0,0,0.0310597686,0,0,0,0,0,0.0493415791,0,0,0.0404152268,0,0.0111964075,0,0,0,0,0,1
0,0,0,0,0,0,0,0,0,0,0,0,0,0,0,0,0,0,0.1179443271,0.0449692762,0,0,0.0357191494,0,0.0126411995,0,0,0,0,0,0
0,0,0.0735694138,0,0,0,0,0,0.1556568114,0,0,0,0,0.0297469094,0,0,0,0,0.0569721722,0.034536247,0,0,0.0532869107,0,0.0094656969,0,0,0,0,0,1
0,0,0,0,0,0,0,0,0,0,0,0,0,0.0294658838,0,0,0,0,0,0.0670050223,0,0,0.0399798615,0,0.0083425995,0,0,0,0,0,1
0,0,0,0,0,0,0,0,0,0,0,0,0,0,0,0,0,0,0,0,0,0,0,0,0.0086727,0,0,0,0,0,0
0,0,0,0,0,0,0,0,0,0,0,0,0,0,0,0,0,0,0,0,0,0,0,0,0,0,1.2311407064,0,0,0,1
0,0,0,0.0354364169,0,0,0,0,0,0,0,0.1820232262,0,0,0,0,0,0,0.0252466842,0.0408623053,0,0,0.0268941374,0,0.0039999607,0,0,0,0,0,1
0,0,0,0,0,0,0,0,0,0,0,0,0,0,0,0,0,0,0.0459316324,0.0510523303,0,0,0.037131588,0,0.005499578,0,0,0,0,0,0
0,0,0,0.2408193257,0,0,0,0,0,0,0,0,0,0,0,0,0,0,0,0,0,0,0.0129887261,0,0.0046029912,0,0,0,0,0,1
0,0,0.0479196279,0,0,0,0,0,0,0,0.0460580162,0,0,0.0269733494,0,0,0,0,0.0133564182,0.056699084,0,0,0.0342520865,0,0.0065829591,0,0,0,0,0,1
0,0,0,0,0,0,0,0,0,0,0,0,0,0,0,0,0,0,0,0,0,0,0,0,0.0100143713,0,0,0,0,0,0
0,0,0,0,0,0.104716331,0,0,0,0,0,0,0,0,0,0.2237991522,0,0,0,0,0,0,0,0,0.0105942913,0,0,0,0,0.2715566405,1
0,0,0.0367982253,0.0965728741,0,0,0,0,0,0,0.0790867388,0,0,0.0158863401,0,0,0,0,0,0.0259687158,0,0,0.0238693189,0,0.0022607347,0,0,0,0,0,1
0,0,0,0,0,0,0,0,0,0,0.0153159484,0,0,0,0,0,0,0,0.0226472435,0.1118905222,0,0,0.0342147931,0,0.006226358,0,0,0,0,0,0
0,0,0,0,0,0,0,0,0,0,0,0,0,0,0,0,0,0,0.009389129,0.0337124541,0,0,0.0358565537,0,0.0065280429,0,0,0,0,0,0
0,0,0,0.0482182262,0,0,0,0,0,0,0,0,0,0,0,0,0,0,0.0396675287,0,0,0,0.0090090101,0,0.0019550879,0,0,0,0,0,1
0,0,0,0,0,0,0,0,0,0,0,0,0,0.0290038583,0,0,0,0,0,0.0553645382,0,0,0.0411028437,0,0.0087556375,0,0,0,0,0,1
0,0,0,0,0,0,0,0,0,0,0.0481193814,0,0,0,0,0,0,0,0.0197342131,0.0204866662,0,0,0.0252455524,0,0.0169875926,0,0,0,0,0,0
0,0,0,0,0,0,0,0,0,0,0,0,0,0,0,0,0,0,0,0,0,0,0,0,0,0,1.2412686378,0,0,0,1
0,0,0,0,0,0,0,0,0,0,0,0,0,0,0,0,0,0,0.0507086759,0.0210744749,0,0,0.0606700628,0,0.0097392421,0,0,0,0,0,0
0,0,0.0406104893,0.0476630141,0,0,0,0,0,0,0,0,0,0,0,0,0,0,0.0452767021,0.0252749083,0,0,0.0435130012,0,0.0071007374,0,0,0,0,0,1
0,0,0.0322868381,0.1037765978,0,0,0,0,0,0,0,0,0,0.0139387073,0,0,0,0,0,0,0,0,0.0982313267,0,0.0074218514,0,0,0,0,0,1
0,0,0.0223092292,0,0.0743152629,0,0,0,0,0,0,0.1784272516,0,0.0197381385,0,0,0,0,0.0248725968,0.0411217035,0,0,0.0382083787,0,0.0062808285,0,0,0,0,0,1
0,0,0,0,0,0,0,0,0,0,0,0,0,0,0,0,0,0,0,0,0,0,0,0,0,0,1.2821978748,0,0,0,1
0,0,0,0,0,0,0,0,0,0,0,0,0,0,0,0,0,0,0.0660263894,0.0425752071,0,0,0.056363992,0,0.0070173829,0,0,0,0,0,0
0,0,0,0,0,0,0,0,0,0,0,0,0,0.0238202387,0,0,0,0,0,0.0715335235,0,0,0.0395834418,0,0.00817247,0,0,0,0,0,1
0,0,0.0159438072,0,0,0,0,0,0,0,0,0,0,0.0081442863,0,0,0,0,0.0044439443,0.0175916154,0,0,0.0107050031,0,0.0021571762,0,0,0,0,0,1
0,0,0,0,0.0701833552,0,0,0,0,0,0.0378849298,0,0,0.0313769796,0,0,0,0,0,0.0609423104,0,0,0.0385334053,0,0.0076576836,0,0,0,0,0,1
0,0,0,0,0,0,0,0,0,0,0,0,0,0.0241320318,0,0,0,0,0,0.0240070406,0,0,0.0435174164,0,0.0094569197,0,0,0,0,0,1
0,0,0,0,0,0,0,0,0,0,0,0,0,0,0,0,0,0,0,0,0,0,0.030354568,0,0.0031053247,0,0,0,0,0,1
0,0,0,0,0,0,0,0,0,0,0,0,0,0,0,0,0,0,0,0.0632600251,0,0,0.0458368243,0,0.0030164012,0,0,0,0,0,1
0,0,0,0.0231381752,0,0,0,0,1.8971897548,0,0,0,0,0,0,0,0,0,0.0155420174,0,0,0,0.0375637054,0,0.0012111796,0,0,0,0,0,1
0,0,0,0,0,0,0,0,0,0,0,0,0,0,0,0,0,0,0.0346198812,0.0172856362,0,0,0.0867553212,0,0.0055807838,0,0,0,0,0,0
0,0,0,0,0,0,0,0,0,0,0,0,0,0.0239450395,0,0,0,0,0,0.0286843027,0,0,0.0435356109,0,0.0093836407,0,0,0,0,0,1
0,0,0.0253815558,0,0,0,0,0,0,0,0,0,0,0.0245019259,0,0,0,0,0,0.0769262619,0,0,0.0379791736,0,0.0076391772,0,0,0,0,0,1
0,0,0.0276055087,0,0,0,0,0,0,0,0,0,0,0.0252812761,0,0,0,0,0,0.071283928,0,0,0.0396086622,0,0.008177677,0,0,0,0,0,1
0,0,0,0,0,0.1091620269,0,0,0,0,0,0,0,0,0,0,0,0,0,0,0,0.1049618269,0,0,0.0039046678,0,0,0,0,0,1
0,0,0,0,0,0,0,0,0,0,0,0,0.145465586,0,0,0,0,0,0,0,0.0839845952,0,0,0,0.005101956,0,0,0,0,0.0856124318,1
0,0,0.0419635613,0,0,0,0,0,0,0,0,0,0,0.0256203063,0,0,0,0,0.0640633342,0,0,0,0.0482556102,0,0.0036459445,0,0,0,0,0,1
0,0,0,0,0,0,0,0,0,0,0,0,0,0.0300979317,0,0,0,0,0,0.0916376457,0,0,0.0385370174,0,0.0072799402,0,0,0,0,0,1
0,0,0,0.1137907475,0,0,0,0,0,0,0,0,0,0.0152837533,0,0,0,0,0.0764337619,0.0249836932,0,0,0.0221285954,0,0.0026637986,0,0,0,0,0,1
0,0,0.0452709527,0,0.0578307241,0,0,0,0.0662909763,0,0,0,0,0.015359844,0,0,0,0,0.0588670954,0.0553053556,0,0,0.0472810258,0,0.0069776597,0,0,0,0,0,1
0,0,0.0135947701,0,0,0,0,0,0,0,0,0,0,0.0361793405,0,0,0,0,0,0.1188638128,0,0,0.0371521711,0,0.0053152305,0,0,0,0,0,1
0,0,0,0,0,0,0,0,0,0,0,0,0,0.0232055289,0,0,0,0,0,0.0282736475,0,0,0.0427024972,0,0.0090938395,0,0,0,0,0,1
0,0,0,0,0,0,0,0,0,0,0,0,0,0.0240431859,0,0,0,0,0,0.0256498998,0,0,0.0428163407,0,0.0094221026,0,0,0,0,0,1
0,0,0,0.0485483035,0,0,0,0,0,0,0,0,0,0,0,0,0,0,0.0399390722,0,0,0,0.0090706812,0,0.0019684715,0,0,0,0,0,1
0,0,0,0,0,0,0,0,0,0,0,0,0,0,0,0,0,0,0.088086146,0.0433955717,0,0,0.0465602813,0,0.0084245395,0,0,0,0,0,0
0,0,0,0,0,0,0,0,0,0,0,0,0.032935989,0,0,0,0,0,0.0669362335,0.051534338,0,0,0.0420137134,0,0.0076270971,0,0,0,0,0,0
0,0,0.0288226374,0,0,0,0,0.0330956034,0,0,0,0,0,0.0124431604,0.0573232666,0.0489761417,0,0,0.0192039809,0.0473221244,0,0,0.0397498685,0,0.0070034895,0,0,0,0,0,1
0,0,0,0,0,0,0,0,0,0,0,0,0,0.0237023471,0,0,0,0,0,0.0283935759,0,0,0.0443036551,0,0.0092885338,0,0,0,0,0,1
0,0,0.0219132883,0,0,0,0,0,0,0,0,0,0,0.0231728878,0,0,0,0,0,0.0282338774,0,0,0.0423026456,0,0.009081048,0,0,0,0,0,1
0,0,0.0343933603,0,0,0,0,0,0,0,0,0,0,0.0311456879,0,0,0,0,0,0.0962058895,0,0,0.0362680834,0,0.006976066,0,0,0,0,0,1
0,0,0,0.1096186831,0,0,0,0,0,0,0,0,0,0,0,0,0,0,0.0300598798,0.0367639919,0,0,0.0221219711,0,0.0025661322,0,0,0,0,0,1
0,0,0.1311640516,0,0,0,0,0,0,0,0,0,0,0.0497765651,0.0849550282,0,0,0,0.0603747965,0.0197345434,0,0,0.0575654858,0,0.0119645694,0,0,0,0,0,1
0,0,0,0,0,0,0,0,0,0,0,0,0.1189437897,0,0,0,0,0,0,0,0.0841059603,0,0,0,0.0051093288,0,0,0,0,0.0857361493,1
0,0,0,0,0,0,0,0,0,0,0,0,0,0.0226599706,0,0,0,0,0,0.0341875514,0,0,0.0415327681,0,0.0088800448,0,0,0,0,0,1
0,0,0,0,0,0,0,0,0,0,0,0,0,0.0235056437,0,0,0,0,0,0.0281579405,0,0,0.0423878474,0,0.0092114492,0,0,0,0,0,1
0,0,0,0,0,0,0,0,0,0,0,0,0,0,0,0,0,0,0,0.1002270317,0,0,0.045325131,0,0.0084795381,0,0,0,0,0,0
0.3770070804,0,0,0,0,0,0,0,0,0,0,0,0,0,0,0,0,0.5089234482,0,0,0,0,0,0,0.00346908,0.5331685261,0,0,0,0,0
0,0,0,0,0,0,0,0,0,0,0,0,0,0,0,0,0,0,0,0,0,0,0,0,0,0,0,0,0,0,1
0,0,0,0,0,0,0,0,0,0,0,0,0,0.0268159643,0,0,0,0,0,0.0715820948,0,0,0.0394183073,0,0.0083606449,0,0,0,0,0,1
0,0,0,0.067242026,0.0832935381,0,0,0,0,0,0.0635855847,0,0,0,0,0,0,0,0.0412314352,0.0282700251,0,0,0.034596862,0,0.0030141922,0,0,0,0,0,1
0,0,0.0349742848,0,0,0,0,0.0433769311,0.1739425646,0,0,0,0,0.0331947343,0,0,0,0,0.0518888744,0.0954140499,0,0,0.0408606815,0,0.0066661017,0,0,0,0,0,1
0,0,0,0,0,0,0,0,0,0,0,0,0,0,0,0,0,0,0.0857810071,0.0402969931,0,0,0.048224223,0,0.0043304419,0,0,0,0,0,0
0,0,0,0,0,0,0,0,0,0,0,0,0,0,0,0,0,0,0.1093017986,0.0479570235,0,0,0.0523620054,0,0.006954771,0,0,0,0,0,0
0,0,0,0,0,0,0,0,0,0,0,0,0,0.02321839,0,0,0,0,0,0.0707232937,0,0,0.0410397883,0,0.0079659821,0,0,0,0,0,1
0,0,0.0537303481,0,0,0,0,0,0,0,0,0,0,0.0231961888,0,0,0,0,0.0193339504,0.0224917462,0,0,0.0421740899,0,0.0090901793,0,0,0,0,0,1
0,0,0,0,0,0.0756501195,0,0,0,0,0,0,0.1028689735,0,0,0,0,0,0,0,0.0727393487,0.0727393487,0,0,0.0051815278,0,0,0,0,0.1048628377,1
0,0,0,0.0600398954,0,0,0,0,0,0,0,0,0,0.0171068187,0,0,0,0,0.0142584796,0.0397294215,0,0,0.0327050815,0,0.0015714095,0,0,0,0,0,1
0,0,0.0851782321,0.0577180002,0,0,0,0,0.212926378,0,0,0,0,0.0391475362,0.0668141731,0,0,0,0.0387694428,0.0155205316,0,0,0.0835319742,0,0.0139110095,0,0,0,0,0,1
0,0,0,0.0535169567,0.040595469,0,0,0,0,0.3878419478,0.025303424,0.0448903282,0,0.0143762121,0,0.2049972327,0,0,0.0549108398,0.0216306595,0,0,0.0655996911,0,0.0043997306,0,0,0,0,0,1
0,0,0.0477913042,0,0,0,0,0,0.1090583956,0,0,0,0,0.0241934171,0,0,0,0,0.0759393954,0.0571862222,0,0,0.045379389,0,0.0082720561,0,0,0,0,0,1
0,0,0.0480501505,0,0.0478276666,0,0,0,0.1342921428,0,0.0258173436,0,0,0.0213823878,0,0,0,0,0.0763506968,0.0436853739,0,0,0.044809943,0,0.0078797041,0,0,0,0,0,1
0,0,0,0,0,0,0,0,0,0,0,0,0.1189868152,0,0,0,0,0,0,0,0.0841363839,0,0,0,0.005111177,0,0,0,0,0.0857671625,1
0,0,0,0,0,0,0,0,0,0,0,0,0,0.022378151,0,0,0,0,0,0.0677341088,0,0,0.0393169422,0,0.008251822,0,0,0,0,0,1
0,0,0,0,0,0,0,0,0,0,0,0,0,0,0,0,0,0,0,0,0,0,0,0,0.0061325249,0,0,0,0,0,1
0,0,0,0,0,0,0,0,0,0,0,0,0,0,0,0,0,0,0.0718368937,0,0,0,0,0,0.0061325249,0,0,0,0,0,1
0,0,0.0176757559,0,0,0,0,0,0,0,0,0,0,0.0186917774,0,0,0,0,0,0.0305546434,0,0,0.034259588,0,0.0073249795,0,0,0,0,0,1
0,0,0.042279187,0,0.0995875578,0,0,0,0.1056884363,0,0,0,0,0.024488369,0,0,0,0,0.0656121163,0.0213308366,0,0,0.0558199906,0,0.0075057239,0,0,0,0,0,1
0,0,0.0385397848,0.0715191872,0,0,0,0.5970099442,0.3933095619,0,0,0,0,0.0166381972,0,0,0,0,0,0.0271977443,0,0,0.045314515,0,0.0023677291,0,0,0,0,0,1
0,0,0,0,0,0,0,0,0,0,0,0,0,0,0,0,0,0,0.1358488452,0,0,0,0.0436327796,0,0.006695563,0,0,0,0,0,1
0,0,0,0.1065532474,0,0,0,0,0,0,0,0,0,0.0143116517,0,0,0,0,0.0715723002,0.0233946406,0,0,0.0207211373,0,0.0024943715,0,0,0,0,0,1
0,0,0,0,0,0,0,0,0.35829981,0,0,0,0,0,0,0,0,0,0.0978583593,0,0,0,0.01924733,0,0.0048231313,0,0,0,0,0,1
0,0,0,0,0,0,0,0,0,0,0,0,0,0,0,0,0,0,0.0353819565,0,0,0,0.1207362424,0,0.0024661983,0,0,0,0,0,1
0,0,0,0,0,0,0,0,0,0,0,0,0.1479394849,0,0,0,0,0,0,0,0.0854129015,0,0,0,0.0051887238,0,0,0,0,0.0870684223,1
0,0,0,0,0,0,0,0,0,0,0,0,0.1478292879,0,0,0,0,0,0,0,0.0853492792,0,0,0,0.0051848588,0,0,0,0,0.0870035669,1
0,0,0,0,0,0,0,0,0,0,0,0,0,0,0,0,0,0,0,0,0,0,0,0,0.0099049213,0,0,0,0,0,0
0,0,0.0299871944,0,0,0,0,0,0,0,0,0,0,0.0289479503,0,0,0,0,0,0.0764097686,0,0,0.0376074744,0,0.0076700748,0,0,0,0,0,1
0,0,0,0,0,0,0,0,0,0,0,0,0,0,0,0,0,0,0,0,0,0,0,0,0.0097989833,0,0,0,0,0,0
0,0,0.019934077,0,0,0,0,0,0,0,0,0,0,0.0210799093,0,0,0,0,0,0.0392326368,0,0,0.0383263818,0,0.0082608465,0,0,0,0,0,1
0,0,0.0286813578,0,0,0,0,0,0,0,0,0,0,0.0123821679,0,0.0526409784,0,0,0.020640996,0.0371588378,0,0,0.0360270327,0,0.006082748,0,0,0,0,0,1
0,0,0,0,0,0,0,0,0,0,0,0,0,0.031136888,0,0,0,0,0,0.0669491085,0,0,0.040239015,0,0.0082472241,0,0,0,0,0,1
0,0,0.0218214633,0,0,0,0,0,0,0,0,0,0,0.0230757845,0,0,0,0,0,0.0299313064,0,0,0.0431325049,0,0.009042995,0,0,0,0,0,1
0,0,0.0219088893,0,0,0,0,0,0,0,0,0,0,0.023168236,0,0,0,0,0,0.0291539696,0,0,0.0422941537,0,0.009079225,0,0,0,0,0,1
0,0,0,0,0.1119633185,0,0,0,0,0,0,0,0,0.0242805381,0,0,0,0,0.0296250357,0.0176794869,0,0,0.0563125096,0,0.0074452058,0,0,0,0,0,1
0,0,0.0222187773,0,0,0,0,0.0675003091,0,0,0,0,0,0.0234959366,0,0,0,0,0,0.02337424,0,0,0.0416641208,0,0.0101692604,0,0,0,0,0,1
0,0,0,0,0.0618923271,0,0,0,0,0,0.0334094383,0,0,0.0268441312,0,0,0,0,0,0.0773987118,0,0,0.0338742788,0,0.006719202,0,0,0,0,0,1
0,0,0,0,0.1089380949,0,0,0,0,0,0,0,0,0.0236244834,0,0,0,0,0.0288245739,0.0235859078,0,0,0.0549666647,0,0.007244038,0,0,0,0,0,1
0,0,0.0456779106,0,0.0642992148,0,0,0,0.1276621287,0,0.0347086747,0,0,0.0220474425,0,0,0,0,0.0725812566,0.0730742631,0,0,0.0416204248,0,0.0068559974,0,0,0,0,0,1
0,0,0,0,0.0724198438,0,0,0,0,0,0.0552846982,0,0,0.0293815126,0,0,0,0,0,0.0618569696,0,0,0.0383612848,0,0.007782278,0,0,0,0,0,1
0,0,0,0,0,0,0,0,0,0,0,0,0,0,0,0,0,0,0.0371009931,0.0330881956,0,0,0.0460554916,0,0.0094722685,0,0,0,0,0,0
0,0,0,0,0,0,0,0,0,0,0,0,0.1450478806,0,0,0,0,0,0,0,0.0837434329,0,0,0,0.0050873057,0,0,0,0,0.0853665952,1
0,0,0.0493539331,0.0396584457,0,0,0,0.0649244098,0.4001729082,0,0,0,0,0.0225993012,0,0,0,0,0,0.0171711011,0,0,0.0826772857,0,0.0009283893,0,0,0.2455106144,0,0,1
0,0,0,0,0,0,0,0,0,0,0,0,0,0,0,0,0,0,0,0,0,0.1284972066,0,0,0.0067602288,0,0,0,0,0,1
0,0,0.0665130568,0,0,0,0,0,0,0,0,0,0,0.0293322644,0,0,0,0,0.0345751884,0.047975929,0,0,0.0502611988,0,0.0070132668,0,0,0.2241937252,0,0,1
0,0,0.0459504134,0,0,0,0,0,0,0,0,0,0,0.0309144728,0,0,0,0,0.0153079479,0.0610091789,0,0,0.0402824663,0,0.0078770096,0,0,0,0,0,1
0,0,0,0,0,0,0,0,0,0,0,0,0,0.0241372888,0,0,0,0,0,0.072036811,0,0,0.0386186873,0,0.0082812465,0,0,0,0,0,1
0,0,0,0,0,0,0,0,0,0,0,0,0,0.0242591549,0,0,0,0,0,0.024729484,0,0,0.0435655117,0,0.009506737,0,0,0,0,0,1
0,0,0,0,0,0,0,0,0,0,0,0,0,0,0,0,0,0,0,0,0,0,0,0,0.0036325943,0,0,0,0,0,0
0,0,0,0,0,0,0,0,0,0,0,0,0,0,0,0,0,0,0,0,0,0,0,0,0.0101275316,0,0,0,0,0,0
0,0,0,0,0,0,0,0,0,0,0,0,0,0.0239926709,0,0,0,0,0,0.0717542269,0,0,0.0394310332,0,0.0082316296,0,0,0,0,0,1
0,0,0.0153330913,0,0,0,0,0,0.8280069018,0,0,0,0,0.0033097616,0,0,0,0,0.0370115203,0.0095429157,0,0,0.026044407,0,0.0025797824,0,0,0,0,0,1
0,0,0.0193360605,0,0,0,0,0,0,0,0,0,0,0.0236107602,0,0,0,0,0,0.0710501918,0,0,0.0385127115,0,0.0081006001,0,0,0,0,0,1
0,0,0,0.1057783044,0,0,0,0,0,0,0,0,0,0.0142075656,0,0,0,0,0.0710517675,0.0232244955,0,0,0.0205704361,0,0.0024762303,0,0,0,0,0,1
0,0,0,0,0,0,0,0,0,0,0,0,0,0.0239759032,0,0,0,0,0,0.0255781208,0,0,0.043768569,0,0.0093957357,0,0,0,0,0,1
0,0,0,0,0,0,0,0,0,0,0,0,0,0.0231961888,0,0,0,0,0,0.0318081326,0,0,0.0413079999,0,0.0090901793,0,0,0,0,0,1
0,0,0,0,0,0,0,0,0,0,0,0,0,0,0,0,0,0,0,0,0,0,0,0,0,0,0,0,0,0,1
0,0,0,0,0,0,0,0,0,0,0,0,0,0,0,0,0,0,0.0858658791,0.0429511083,0,0,0.0471129423,0,0.0082997517,0,0,0,0,0,0
0,0,0,0,0,0,0,0,0,0,0,0,0,0,0,0,0,0,0.0695690958,0.0414152293,0,0,0.0543036724,0,0.0059920641,0,0,0,0,0,0
0,0,0,0,0,0,0,0,0,0,0,0,0,0.0054167096,0,0,0,0,0,0.0089360715,0,0,0.0098883294,0,0.0021227134,0,0,0,0,0,1
0,0,0,0,0,0,0,0,0,0,0,0,0,0,0,0,0,0,0.0718803128,0.0465630545,0,0,0.0466110201,0,0.0090020292,0,0,0,0,0,0
0,0,0,0,0,0,0,0,0,0,0,0,0,0.0233565222,0,0,0,0,0,0.0284576178,0,0,0.0429803529,0,0.0091530111,0,0,0,0,0,1
0,0,0.0147550933,0,0.1099057504,0,0,0,0,0,0,0,0,0.0238343306,0,0,0,0,0.0290806116,0.0170039542,0,0,0.0556316148,0,0.007308384,0,0,0,0,0,1
0,0,0,0,0,0,0,0,0,0,0,0,0,0,0,0,0,0,0.1010077421,0.0802282394,0,0,0.0483993984,0,0.0066646906,0,0,0,0,0,0
0,0,0.0547684181,0,0.0604787705,0,0,0,0.1096146857,0,0.0326464013,0,0,0.026231039,0,0,0,0,0.0682687211,0.0697466503,0,0,0.0427867815,0,0.007552694,0,0,0,0,0,1
0,0,0.0229556702,0,0,0,0,0,0,0,0,0,0,0.024275187,0,0,0,0,0,0.0247458269,0,0,0.0432294904,0,0.0095130197,0,0,0,0,0,1
0,0,0.0309428834,0,0,0,0,0,0,0,0,0,0,0.028650795,0,0,0,0,0.1754839991,0.0479521397,0,0,0.0424421213,0,0.008109969,0,0,0,0,0,1
0,0,0.0435303888,0,0,0,0,0,0,0,0,0,0,0.0314462268,0,0,0,0,0,0.0663620108,0,0,0.0397890966,0,0.0083291586,0,0,0,0,0,1
0,0,0,0.1147571407,0,0,0,0,0,0,0,0,0,0.015413554,0,0,0,0,0.0770828926,0.0251958728,0,0,0.0223165274,0,0.0026864215,0,0,0,0,0,1
0,0,0.021726493,0,0,0,0,0,0,0,0,0,0,0.0229753553,0,0,0,0,0,0.0284559326,0,0,0.0412600156,0,0.0090036385,0,0,0,0,0,1
0,0,0,0,0,0,0,0,0,0,0,0,0,0.0307837711,0,0,0,0,0,0.1170082343,0,0,0.0321163263,0,0.0048802936,0,0,0,0,0,1
0,0,0,0,0,0,0,0,0,0,0,0,0,0,0,0,0,0,0,0.0391498976,0,0,0.0448740071,0,0.0090101473,0,0,0,0,0,0
0,0,0,0,0,0,0,0,0,0,0,0,0,0.0232430026,0,0,0,0,0,0.0283193054,0,0,0.0426013896,0,0.0091085248,0,0,0,0,0,1
0,0,0,0,0,0,0,0,0,0,0,0,0,0,0,0,0,0,0.0104063183,0.0385834922,0,0,0.0310070902,0,0.0044491957,0,0,0,0,0,0
0,0,0,0,0,0,0,0,0,0,0,0,0,0,0,0,0,0,0,0,0,0,0,0,0.0100143713,0,0,0,0,0,0
0,0,0.0767577328,0.0598372451,0,0,0,0.0565565988,0,0,0,0,0,0.0359426138,0.0565565988,0,0,0,0.0401929493,0.0247727952,0,0,0.0577326911,0,0.010575562,0,0,0,0,0,1
0,0,0,0,0,0,0,0,0,0,0,0,0,0,0,0,0,0,0,0,0,0,0.0299727343,0,0,0,0,0,0,0,1
0,0,0.0504738608,0,0,0,0,0,0,0,0,0,0,0.0377419325,0,0,0,0,0,0.0269882107,0,0,0.0451855972,0,0.008539242,0,0,0,0,0,1
0,0,0.021169681,0,0,0,0,0,0,0,0,0,0,0.0223865371,0,0,0,0,0,0.0337750168,0,0,0.0408671442,0,0.008772891,0,0,0,0,0,1
0,0,0,0.1053497612,0.1130146404,0,0,0,0,0,0,0,0,0,0,0,0,0,0,0.0566576907,0,0,0.039366735,0,0.0024661983,0,0,0,0,0,1
0,0,0.0523978112,0,0,0,0,0,0,0,0,0,0,0.0380766702,0,0,0,0,0,0.0213489303,0,0,0.04631791,0,0.0088647387,0,0,0,0,0,1
0,0,0.0147550933,0,0,0,0,0,0,0,0,0,0,0.0063699928,0,0,0,0,0.0801697135,0.0170039542,0,0,0.0196479436,0,0.001695894,0,0,0,0,0,1
0,0,0,0,0,0,0,0,0,0,0,0,0,0,0,0,0,0,0.0381719752,0.0248290232,0,0,0.0692325619,0,0.0060749041,0,0,0,0,0,0
0,0,0,0,0,0,0,0,0,0,0,0,0,0,0,0,0,0,0.0371514925,0,0,0,0.1280318485,0,0.0054932412,0,0,0,0,0,1
0,0,0,0,0,0,0,0,0,0,0,0,0,0,0,0,0,0,0.0321456737,0.0499117697,0,0,0.0389750691,0,0.0077368264,0,0,0,0,0,0
0,0,0.0238742843,0,0,0,0,0,0.0667246358,0,0,0,0,0.0286931476,0,0,0,0,0,0.031893161,0,0,0.0503512612,0,0.0063299637,0,0,0,0,0,1
0,0,0.0472805344,0,0,0,0.0301292669,0.0230004154,0.0946282748,0,0,0,0,0.0166660902,0.039837888,0,0,0,0.0593116753,0.0526210538,0,0,0.0374465154,0,0.0060645315,0,0,0,0,0,1
0,0,0.0230421518,0,0,0,0,0,0,0,0,0,0,0.0243666395,0,0,0,0,0,0.0223485751,0,0,0.0441216843,0,0.0095488584,0,0,0,0,0,1
0,0,0,0,0,0,0,0,0,0,0,0,0,0.0241425492,0,0,0,0,0,0.0257559031,0,0,0.0435363823,0,0.0094610413,0,0,0,0,0,1
0,0,0.0228751591,0,0,0,0,0,0,0,0,0,0,0.024190048,0,0,0,0,0,0.0274380437,0,0,0.043077874,0,0.0094796552,0,0,0,0,0,1
0,0,0,0,0,0,0,0,0.1614900456,0,0,0,0,0,0,0,0,0,0,0.0440440149,0,0,0.0622548637,0,0.0021738434,0,0,0,0,0,1
0,0,0,0,0,0,0,0,0,0,0,0,0,0.0265390864,0,0,0,0,0,0.0714309205,0,0,0.0395892857,0,0.0082743203,0,0,0,0,0,1
0,0,0,0,0,0,0,0,0,0,0,0,0,0,0,0,0.4657130172,0,0,0,0,0,0,0,0.0030301783,0,0,0,0,0,0
0,0,0.0229759312,0,0,0,0,0,0,0,0,0,0,0.0242966126,0,0,0,0,0,0.0241707689,0,0,0.0432676453,0,0.009521416,0,0,0,0,0,1
0,0,0.0517483485,0,0,0,0,0,0,0,0,0,0,0.0128983111,0,0,0,0,0.0186207616,0.0318210967,0,0,0.0406183763,0,0.0086093414,0,0,0,0,0,1
0,0,0,0,0,0,0,0,0,0,0,0,0,0,0,0,0,0,0,0,0,0,0,0,0,0,0.7749578999,0,0,0,1
0,0,0,0,0,0,0,0,0,0,0,0,0,0.0243666395,0,0,0,0,0,0.0236266517,0,0,0.0428372011,0,0.0095488584,0,0,0,0,0,1
0,0,0,0,0,0.0759381547,0,0,0,0,0,0,0.1032606436,0,0,0,0,0,0,0,0.0730163013,0.0730163013,0,0,0.0052012563,0,0,0,0,0.1052620994,1
0,0,0,0,0,0,0,0,0,0,0,0,0,0,0,0,0,0,0.0628534866,0.0451334309,0,0,0.0449073436,0,0.0078847829,0,0,0,0,0,0
0,0,0,0,0,0.1073635179,0,0,0,0,0,0,0,0,0,0,0,0,0,0,0,0.1459928279,0,0,0.0066516572,0,0.5736417628,0,0,0,1
0,0,0,0,0,0,0,0,0,0,0,0,0,0.0339853499,0,0,0,0,0,0.0694339064,0,0,0.0418677314,0,0.0082942673,0,0,0,0,0,1
0,0,0,0,0,0,0,0,0,0,0,0,0,0.026876742,0,0,0,0,0,0.0712945217,0,0,0.0399474498,0,0.0083795941,0,0,0,0,0,1
0,0,0,0,0,0,0,0,0,0,0,0,0,0.0237824228,0,0,0,0,0,0.0269756867,0,0,0.043415366,0,0.0093199141,0,0,0,0,0,1
0,0,0,0,0,0,0,0,0,0,0,0,0,0,0,0,0,0,0.1105546468,0,0,0,0,0,0,0,0,0,0,0,1
0,0,0.0926172802,0,0,0,0,0,0.1615708982,0,0,0,0,0.0375749229,0,0,0,0,0.1006273796,0.0507010594,0,0,0.0497414012,0,0.0073791148,0,0,0,0,0,1
0,0,0,0,0,0,0,0,0,0,0,0,0,0,0,0,0,0,0.0700248397,0.0376312794,0,0,0.0825328593,0,0.0081937513,0,0,0,0,0,0
0,0,0,0,0,0,0,0,0,0,0,0,0,0,0,0,0,0,0.0643461941,0.0473023194,0,0,0.0440396754,0,0.0081796706,0,0,0,0,0,0
0,0,0.0369999069,0,0,0,0,0,0,0,0.0355625114,0,0,0.0294535109,0,0,0,0,0,0.0601751145,0,0,0.0365108776,0,0.007188253,0,0,0,0,0,1
0,0,0,0,0,0,0,0,0,0,0,0,0,0.0238531589,0,0,0,0,0,0.0225118866,0,0,0.0440680963,0,0.0093476343,0,0,0,0,0,1
0,0,0.0487070646,0,0,0,0,0,0,0,0,0,0,0.0339059262,0,0,0,0,0,0.0351283887,0,0,0.0438755905,0,0.0092230907,0,0,0,0,0,1
0,0,0.0467748219,0.0868011397,0,0,0,0,0,0,0,0,0,0.0201933849,0,0,0,0,0.0504933685,0,0,0,0.0558866505,0,0.0077375571,0,0,0,0,0,1
0,0,0,0.1393646344,0,0,0,0,0,0,0,0,0,0,0,0,0,0,0.0661935795,0,0,0,0.0291120931,0,0.0065249474,0,0,0,0,0,1
0,0,0,0,0,0,0,0,0,0,0,0,0,0,0,0,0,0,0,0.0453004759,0,0,0.0629171681,0,0.0021969701,0,0,0,0,0,1
0,0,0.0293450115,0,0,0,0,0,0,0,0,0,0,0.012668677,0.2674491019,0,0,0,0.0182892484,0.0223682124,0,0,0.0396240155,0,0.0050991994,0,0,0,0,0,1
0,0,0,0,0,0,0,0,0,0,0,0,0,0.024253818,0,0,0,0,0,0.0275103761,0,0,0.0424530667,0,0.0095046456,0,0,0,0,0,1
0,0,0,0,0,0,0,0,0,0,0,0,0,0.030714527,0,0,0,0,0,0.0883821988,0,0,0.0367722093,0,0.0073932762,0,0,0,0,0,1
0,0,0,0,0,0.1091620269,0,0,0,0,0,0,0,0,0,0,0,0,0,0,0,0.1484384391,0,0,0.006763083,0,0.5084665827,0,0,0,1
0,0,0.0327204692,0,0.0582611366,0,0,0,0,0,0.031449324,0,0,0.0282518245,0,0,0,0,0,0.0898936581,0,0,0.0342231002,0,0.0065138371,0,0,0,0,0,1
0,0,0.0229405097,0,0,0,0,0,0,0,0,0,0,0.0242591549,0,0,0,0,0,0.0269820792,0,0,0.0432009404,0,0.009506737,0,0,0,0,0,1
0,0,0,0,0,0,0,0,0,0,0,0,0,0.0218049459,0,0,0,0,0,0.027151139,0,0,0.0295733582,0,0.0119806895,0,0,0,0,0,1
0,0,0,0,0,0,0,0,0,0,0,0,0,0.0242698394,0,0,0,0,0,0.0247403757,0,0,0.0437659255,0,0.0095109241,0,0,0,0,0,1
0,0,0,0,0,0,0.0704343705,0,0,0,0,0,0,0.0275495686,0,0,0,0,0,0.0649010358,0,0,0.0366913169,0,0.0075333732,0,0,0,0,0,1
0,0,0.0603768295,0,0.0441843917,0,0,0.0174098256,0,0,0.017418093,0.1092519256,0,0.0264154626,0.0246212114,0,0,0,0.040408746,0.0383903072,0,0,0.0400113656,0,0.0075797766,0,0,0.2303283476,0,0,1
0,0,0,0,0,0,0,0,0,0,0,0,0,0.0242112487,0,0,0,0,0,0.0240858472,0,0,0.0425640199,0,0.0094879634,0,0,0,0,0,1
0,0,0,0,0,0.1091620269,0,0,0,0,0,0,0,0,0,0,0,0,0,0,0,0.1484384391,0,0,0.006763083,0,0.5345585281,0,0,0,1
0,0,0,0,0,0,0,0,0,0,0,0,0,0,0,0,0,0,0,0,0,0,0,0,0.0099049213,0,0,0,0,0,0
0,0,0,0,0,0,0,0,0,0,0,0,0,0.0236329403,0,0,0,0,0,0.0229152341,0,0,0.0461677234,0,0.0092613345,0,0,0,0,0,1
0,0,0,0,0,0.0830008359,0,0,0,0,0,0,0,0,0,0,0,0,0,0,0,0.1128644719,0,0,0.0051422785,0,0.6812750683,0,0,0,1
0,0,0.0480701372,0,0,0,0,0,0.11562835,0,0,0,0,0.0239630288,0,0,0,0,0.0720140693,0.0594779684,0,0,0.0444450321,0,0.0082067127,0,0,0,0,0,1
0,0,0.0222187773,0,0,0,0,0.0675003091,0,0,0,0,0,0.0234959366,0,0,0,0,0,0.02337424,0,0,0.0416641208,0,0.0101692604,0,0,0,0,0,1
0,0,0.0603706946,0,0,0,0,0,0.1330928676,0,0,0,0,0.0285505038,0,0,0,0,0.0700557503,0.0655930579,0,0,0.0451369053,0,0.0082657335,0,0,0,0,0,1
0,0,0.0492859978,0,0.0633333367,0,0,0,0.1377461296,0,0.0341872943,0,0,0.0150454623,0,0,0,0,0.0783144326,0.0596827514,0,0,0.047843211,0,0.0062575249,0,0,0,0,0,1
0,0,0.0194983068,0,0,0,0,0,0,0,0,0,0,0.023808875,0,0,0,0,0,0.0716463647,0,0,0.0395645581,0,0.0081685712,0,0,0,0,0,1
0,0,0,0,0,0,0,0,0,0,0,0,0,0.0238785751,0,0,0,0,0,0.0270847494,0,0,0.0435908943,0,0.0093575945,0,0,0,0,0,1
0,0,0.0222233656,0,0,0,0,0,0,0,0,0,0,0.0235007887,0,0,0,0,0,0.027662485,0,0,0.0416727246,0,0.0092095466,0,0,0,0,0,1
0,0,0,0,0,0,0,0,0,0,0,0,0,0.0310886212,0,0,0,0,0,0.0660743059,0,0,0.0409994538,0,0.0082344397,0,0,0,0,0,1
0,0,0,0,0,0,0,0,0,0,0,0,0,0,0,0,0,0,0.0626254168,0.0443823656,0,0,0.0332684084,0,0.006033129,0,0,0,0,0,0
0,0,0,0.0434702257,0.1233792333,0,0,0,0,0.0980020243,0,0,0,0.0189194982,0,0,0,0,0.0412938312,0.033291042,0,0,0.0661698283,0,0.0069392544,0,0,0,0,0,1
0,0,0,0.0478149443,0.0512937919,0,0,0,0,0,0,0,0,0,0,0,0,0,0.0556291682,0.0271061422,0,0,0.0218829125,0,0.002741787,0,0,0,0,0,1
0,0,0,0.1130232785,0,0,0,0,0,0,0,0,0,0.015180671,0,0,0,0,0.0759182495,0.0248151891,0,0,0.0219793477,0,0.0026458325,0,0,0,0,0,1
0,0,0,0.0482182262,0,0,0,0,0,0,0,0,0,0,0,0,0,0,0.0396675287,0,0,0,0.0090090101,0,0.0019550879,0,0,0,0,0,1
0,0,0,0.1144525021,0,0,0,0,0,0,0,0,0,0.0153726366,0,0,0,0,0.0768782655,0.0251289869,0,0,0.0222572852,0,0.00267929,0,0,0,0,0,1
0,0,0,0,0,0,0,0,0,0,0,0,0,0,0,0,0,0,0.0769228359,0.0415832131,0,0,0.0570924482,0,0.0086500139,0,0,0,0,0,0
0,0,0,0,0.0708305609,0,0,0,0,0,0.0382342911,0,0,0.021722921,0,0,0,0,0,0.0663002941,0,0,0.0376459722,0,0.0074529026,0,0,0,0,0,1
0,0,0,0,0,0,0,0,0,0,0,0,0,0.0234427619,0,0,0,0,0,0.028082613,0,0,0.0422744524,0,0.009186807,0,0,0,0,0,1
0,0,0,0,0,0,0,0,0,0,0,0,0,0,0,0,0,0,0,0,0,0,0,0,0.0033285491,0,0,0,0,0,0
0,0,0.0356840738,0,0.0580020357,0,0,0,0,0,0.0313094615,0,0,0.0154053443,0,0,0,0,0.0128403061,0.0290781919,0,0,0.0291255248,0,0.0060370841,0,0,0,0,0,1
0,0,0.0193028914,0,0,0,0,0,0,0,0,0,0,0.0235702583,0,0,0,0,0,0.0722245714,0,0,0.0384466467,0,0.0080867043,0,0,0,0,0,1
0,0,0.0226970626,0,0,0,0,0,0,0,0,0,0,0.0240017143,0,0,0,0,0,0.0287521946,0,0,0.0425609899,0,0.0094058506,0,0,0,0,0,1
0,0,0,0,0,0,0,0,0,0,0,0,0,0.0224394661,0,0,0,0,0,0.0668100824,0,0,0.0392772863,0,0.0082744316,0,0,0,0,0,1
0,0,0,0,0,0,0,0,0,0,0,0,0,0.0133113294,0,0,0,0,0,0.0142008745,0,0,0.0242019587,0,0.0154474925,0,0,0,0,0,1
0,0,0,0.0761001846,0,0,0,0,0,0,0,0,0,0.0102213622,0,0,0,0,0.0208683624,0.0334168411,0,0,0.0432436578,0,0.0020570721,0,0,0,0,0,1
0,0,0,0,0,0,0,0,0,0,0,0,0,0,0,0,0,0,0.0565885606,0.0328288241,0,0,0.0358289005,0,0.0137452045,0,0,0,0,0,0
0,0,0.0625155792,0.0487346342,0,0,0,0.0460627014,0,0,0,0,0,0.0381680733,0.0460627014,0.0482001812,0,0,0.0327352752,0.0128599068,0,0,0.0477496182,0,0.0100973045,0,0,0,0,0,1
0,0,0.034249096,0,0,0,0,0,0,0,0,0,0,0.0225857484,0,0,0,0,0.0123239537,0.1016430102,0,0,0.0322484804,0,0.0060436431,0,0,0,0,0,1
0,0,0,0,0,0,0,0,0,0,0,0,0,0.0243396345,0,0,0,0,0,0.024213568,0,0,0.0431602063,0,0.0095382756,0,0,0,0,0,1
0,0,0,0,0,0.0941206672,0,0,0,0,0,0,0,0,0,0,0,0,0,0,0.0639926049,0.0904992097,0,0,0.0052336644,0,0.071118735,0,0,0,1
0,0,0,0,0,0,0,0,0,0,0,0,0,0.0308600253,0,0,0,0,0,0.0680072738,0,0,0.0391875788,0,0.0081738915,0,0,0,0,0,1
0,0,0,0,0,0,0,0,0,0,0,0,0,0,0,0,0,0,0.0616505419,0.047378749,0,0,0.0431204405,0,0.0070309497,0,0,0,0,0,0
0,0,0,0.0665394239,0,0,0,0.653585799,0,0,0,0,0,0,0,0,0,0,0,0.0499001808,0,0,0.0485489457,0,0.0026979513,0,0,0,0,0,1
0,0,0,0,0,0,0,0,0,0,0,0,0,0.0319115184,0,0,0,0,0,0.0491810534,0,0,0.0418517849,0,0.0115034457,0,0,0,0,0,1
0,0,0,0,0,0,0,0,0,0,0,0,0,0.0362059332,0,0,0,0,0,0.0838927352,0,0,0.0384663447,0,0.0100327632,0,0,0,0,0,1
0,0,0,0,0,0,0,0,0,0,0,0,0,0,0,0,0,0,0,0,0,0,0,0,0,0,0,0,0,0,1
