0.0039159862,0.0020448062,0,0.0048757083,0.0024907328,0.1168821418,0,0.0365456043,0.015972195,0.006709664,1
0.0076025628,0.0051713991,0.0119393108,0.0145002426,0.0216498035,0.1600141385,0.0109965059,0,0,0,1
0.0051390999,0.0094838066,0.0014516543,0.0122318561,0.0340153925,0,0.0048821151,0.0817505032,0.0817505032,0.0181631621,1
0.0055381963,0.011687369,0,0.0144229446,0.0184264316,0,0.0065405973,0.0685468601,0.0684073954,0.0209596454,1
0.0050979553,0.0094078775,0.001440032,0.0121339256,0.0337430589,0,0.004843028,0.0811605345,0.0812250244,0.0180177444,1
0.0089263313,0.0048370028,0.0072563477,0.0218959775,0.0176755358,0.1628059817,0.005598686,0,0,0,1
0.0045823583,0.003117002,0.0055742175,0.0088136118,0.0065761651,0.0674262472,0,0.0703050649,0.0772188154,0.0114351197,1
0.0042341969,0.0079101922,0.0011788339,0.010209001,0.0280912774,0.0056660645,0.0039645823,0.0712310236,0.0739381816,0.0149856307,1
0.0076308778,0.0051906595,0.0116803416,0.0144303792,0.0217304362,0.1593137871,0.0110374614,0,0,0,1
0.0051312394,0.0094693006,0.0014494339,0.0122131469,0.0339633641,0,0.0048746476,0.0821437235,0.0821437235,0.0181353806,1
0.0047928287,0.0087175204,0.001887072,0.011322432,0.0316803359,0.0064136074,0.004487643,0.0829918185,0.0870115573,0.0166955889,1
0.0061352857,0.0068090552,0.0020210654,0.011307134,0.0272066241,0.0494378021,0.0021494393,0.0737255639,0.0738932493,0.0144340591,1
0.0089781988,0.0101275316,0.0256132939,0,0,0.256274493,0,0,0,0,0
0.0043205472,0.0077865883,0.0016325915,0.0101299641,0.0271531303,0.0055487026,0.0038824634,0.0684898723,0.0808387487,0.0236346412,1
0.0048693034,0.0089859183,0.0019451718,0.0115896986,0.0322296257,0.0114507121,0.00462581,0.0795278759,0.0837410531,0.0190538256,1
0.0017191544,0.0057997057,0.0009438635,0.0085470479,0.0134489519,0.0177163004,0.0015871722,0.0523760256,0.0522685434,0.0319044256,1
0.0049041399,0.0090502063,0.0013852845,0.0116726148,0.0324602063,0,0.0046589044,0.0803384625,0.0818916174,0.0191901425,1
0.0092456848,0.0065960428,0.0100595591,0.0248961385,0.0268667214,0.2360479535,0.006905866,0,0,0,1
0.0044786012,0.0077408694,0.0015381336,0.0103181138,0.0261076645,0.0090545858,0.0036578331,0.074935983,0.0785935221,0.018290286,1
0.0051951541,0.0095872502,0.001467488,0.0123652738,0.0343864117,0,0.0049353662,0.0819152132,0.0825763637,0.0183612748,1
0.0031882568,0.0081497376,0.0008633125,0.0102330757,0.0257156147,0,0.0020530421,0.0766262803,0.0764541691,0.018608414,0
0.0051278816,0.0094631041,0.0014484854,0.0122051548,0.0339411392,0,0.0048714578,0.0813118488,0.0813118488,0.0181235132,1
0.0076166808,0.0051810025,0.0118110173,0.0145271697,0.0216900074,0.1597949848,0.0110169266,0,0,0,1
0.0030536196,0.0045407127,0.0010879451,0.0073188725,0.0139121172,0.0156063395,0.0076200357,0.0836097039,0.0828984174,0.016748687,0
0.004292728,0.0081788863,0.0012125775,0.010501229,0.0285211385,0,0.0040780667,0.0735228969,0.0741263781,0.0154145876,1
0.0048837383,0.0068176778,0.0033523407,0.0127786648,0.0202979564,0.0634370376,0.0167110985,0.0663850876,0.0670167883,0.037917678,1
0.0026023185,0.0068213718,0.004823999,0.0087141745,0.0120726402,0.1240677075,0.0069632061,0.0795066174,0.0724655635,0.0292157724,1
0.0050950071,0.0092671428,0.0014184903,0.012036289,0.0336777185,0,0.00477058,0.0828795011,0.0829407799,0.0177482128,1
0.0041777501,0.0075292361,0.0011162623,0.0107068116,0.0262557002,0,0.0037541452,0.0677294317,0.0819015781,0.0353867115,1
0.0074977709,0.0051001178,0.0117747422,0.0143003748,0.0213513879,0.1567904123,0.0108449328,0,0,0,1
0.0044009908,0.0083851581,0.0012431587,0.0107660705,0.0292404428,0,0.0041809157,0.0724200207,0.0729568703,0.0158033441,1
0.0029883574,0.0073204217,0.0012228991,0.0098441476,0.0324465721,0.0205304956,0.001839291,0.0755412231,0.0714515058,0.0156426577,0
0.0027099482,0.0069499109,0.000749139,0.0086394923,0.0214445359,0,0.0017815262,0.0839383414,0.0838623371,0.0157925099,0
0.0021406471,0.0048293587,0,0.0070516486,0.0088238012,0.1044675388,0,0.0976854496,0.060342331,0.0137236209,1
0.0062951204,0.0071009823,0.0200786847,0.0103685882,0.0280277394,0.194618199,0,0,0,0,0
0.0051526596,0.0095088299,0.0014554845,0.0122641302,0.0341051431,0,0.0048949967,0.0818355806,0.0819009184,0.0182110861,1
0.0026672896,0.0054850971,0.0007534359,0.0067389353,0.0177216295,0,0.0025339096,0.0514113698,0.052323333,0.0111026831,1
0.0029622873,0.0014248207,0.0091871058,0.0048791341,0.0042511931,0.2487915572,0.0078227823,0.0590458227,0.0455691195,0.0203791298,1
0.0039665992,0.0075081476,0.0010598444,0.0109117659,0.0252093226,0.0134778317,0.0035644041,0.0684509618,0.0742162738,0.0286796292,1
0.0091006902,0,0.0044525734,0.0174352979,0,0.0445503411,0,0,0,0,0
0.0035963389,0.0083097189,0.0013448546,0.0110409203,0.0250208473,0.0222047165,0.0067085937,0.0720018978,0.071108381,0.0292700975,0
0.0037363698,0.0070883935,0.0014711143,0.0091280241,0.0245135753,0.0086600609,0.0034984546,0.065286914,0.0693063898,0.014968241,1
0.0141908432,0.0056014463,0.0100172151,0.0247632186,0.0136459936,0.2092565727,0.013753594,0,0,0,0
0.0038870432,0.0074113911,0.0015304387,0.0096186578,0.0257881272,0.0073560526,0.0036395338,0.0666894708,0.069256219,0.0139702868,1
0,0,0,0,0,0.1826020609,0,0.0804911133,0.0752925422,0.028457906,1
0.004854057,0.0091525394,0.0019390812,0.0117949706,0.0321897341,0.0065903716,0.004611326,0.0798159497,0.083251076,0.0174302419,1
0.006789513,0.0058804987,0.0045311992,0.0128525246,0.0097708934,0.0537505747,0.0225095728,0.0601238684,0.054533568,0.0155036631,1
0.0044869148,0.0082945363,0.0012491925,0.0106731058,0.0293268737,0,0.0042012082,0.0729337749,0.0732034016,0.0158800474,1
0.0020226521,0.0067167877,0.0016907884,0.009333181,0.015141044,0.0191098657,0.0013791441,0.0759414866,0.077485767,0.0453710194,1
0.0052278849,0.0095088299,0.0020583659,0.0123501954,0.0341699202,0.0069957854,0.0048949967,0.0816392534,0.0819662041,0.0187893593,1
0.0043550661,0.0081247716,0.0012301863,0.0105107163,0.0288259201,0,0.0041372875,0.070752038,0.0729328062,0.0156384351,1
0.0096834164,0.0067860477,0.0117621743,0.0242713387,0.023045101,0.2326565687,0.0071047956,0,0,0,1
0.0087808517,0.0099049213,0.0250502956,0,0,0.2506413987,0,0,0,0,0
0.0051835655,0.0094282189,0.0020409161,0.0122454967,0.033880245,0.0069364787,0.0048534994,0.0811418201,0.0814652244,0.0180567018,1
0.0044345948,0.0084055181,0.0012526509,0.0107757109,0.0294637099,0,0.0042128393,0.0713255299,0.0712699588,0.0161709101,1
0.0040954152,0.0062896604,0.0029796592,0.0095104354,0.0269724776,0.0521318851,0.002505252,0.0885636422,0.0903181685,0.0109771158,1
0.0043854484,0.0033648975,0.003181734,0.0084180769,0.0052571586,0.1025885823,0.0046925296,0.0382995818,0.025856163,0.0280449464,1
0.0081393862,0.0051843324,0.0108265218,0.0202866923,0.0189447592,0.1812624814,0.0094013051,0,0,0,1
0.0041908597,0.0079847976,0.0011838025,0.0102520302,0.0278443192,0.0160935976,0.0039812923,0.0704345389,0.0704345389,0.0150487926,1
0.0083667037,0.0031459189,0.0142819364,0.0147662067,0.0093863802,0.2148207193,0.0154487571,0,0,0,0
0.0038333223,0.0070495048,0.0010242338,0.0100875335,0.0240910917,0.0069621443,0.0034446408,0.0633278119,0.0756061747,0.0313908456,1
0.0035512451,0.0069042461,0.0014186386,0.0093026354,0.0238602968,0.0083511504,0.0033736622,0.0688934026,0.0715350577,0.0131444874,1
0.0028982894,0.0065386205,0.0022822768,0.0068942137,0.0189434772,0.0102612728,0.0027137394,0.0693099911,0.0735450904,0.0199463493,1
0.003969133,0.0078829885,0.0011935775,0.0100572626,0.0279680967,0,0.004014167,0.0734072487,0.0743808621,0.0151730548,1
0.0050891884,0.0093916988,0.0014375556,0.012113059,0.0336850313,0,0.0048346995,0.0814705481,0.0815345721,0.0182745659,1
0.0037172004,0.006835956,0.0014046068,0.0088278168,0.0233613065,0.0082685489,0.0033402932,0.061409439,0.0719094335,0.021868692,1
0.0035586052,0.0078925419,0.0028946993,0.0107922218,0.026419484,0.0466668647,0.002176874,0.0812871464,0.0708573253,0.0233185986,0
0.003585707,0.0082820865,0.0006482632,0.0109822742,0.0269526162,0.0218111356,0.0030832672,0.0757393861,0.0757393861,0.0223322607,0
0.0033716172,0.0026892901,0.0055533347,0.0068014182,0.0065515286,0.1352282673,0.0120557171,0.1060155552,0.0441221103,0.032622525,1
0.0043932357,0.0083271244,0.0012409681,0.0106752116,0.0291889177,0,0.0041735484,0.0716982879,0.0716982879,0.0160200927,1
0.0043829101,0.0078989802,0.0016561564,0.0102761803,0.0275450594,0.009749355,0.003938503,0.0688274733,0.0814972735,0.023685158,1
0.0065776641,0.0096808715,0.0016717165,0.0132688385,0.0302654323,0,0.0039755064,0.0798691886,0.0806166732,0.0193389545,1
0.0074853774,0.0026701035,0.0095500339,0.0140572693,0.0218177188,0.1389759127,0.016059046,0,0,0,0
0.0044117137,0.0082418234,0.0017370163,0.0106370088,0.0289443717,0.0059036117,0.0041307956,0.0705330882,0.0739602773,0.0170148493,1
0.0085586656,0.0052018863,0.0078037366,0.0223608392,0.0234243284,0.1507731086,0.0060210277,0,0,0,1
0.0044281004,0.0082610236,0.0012508165,0.0106869805,0.0293093294,0,0.0042066697,0.0711655849,0.0711655849,0.015900691,1
0.0044403917,0.008372555,0.0012542884,0.01064299,0.0293906846,0,0.0042183463,0.0723581634,0.0723581634,0.0159448272,1
0.0081915053,0.0051801272,0.01081774,0.0203342821,0.0189293923,0.1797837029,0.0093936794,0,0,0,1
0.0052348046,0.0093631543,0.001457411,0.012106165,0.0340852992,0,0.0049014758,0.0817473134,0.0816816792,0.0182351908,1
0.0050902818,0.0093937166,0.0014378645,0.0121156614,0.0336922683,0,0.0048357382,0.0812313958,0.0831997729,0.0179906239,1
0.0042276214,0.0063141099,0.002789593,0.0095387388,0.027405695,0.0450875597,0.0026020401,0.0881763396,0.090844347,0.0114012065,1
0.002625019,0.0064937845,0.0047644028,0.0080057981,0.0196373038,0.0119982058,0.0027479817,0.0772217136,0.0774977398,0.0378093636,0
0.0120648432,0.0048453834,0.0033352093,0.0292663426,0.0127498928,0.2174507465,0,0,0,0,1
0.0047326293,0.0087815532,0.0013368375,0.011264393,0.0313844848,0,0.0044959704,0.0827650398,0.0868099045,0.0167265698,1
0.0036808167,0.0083599435,0.0009966873,0.0102615235,0.0249016961,0.0047905769,0.0033519979,0.0719525488,0.0724735733,0.0126701374,1
0.0043468696,0.0081094803,0.001227871,0.0104909345,0.028771668,0,0.0041295009,0.0706188785,0.0716889225,0.0156090027,1
0.0032286,0.0083474509,0.0010931035,0.0104275427,0.0256137744,0.0052540014,0.0021224891,0.077290533,0.0763479303,0.0201069458,0
0.0024601792,0.0039246067,0,0.0070184783,0.0082800271,0.1200612983,0,0.1046204837,0.0739778535,0.0157721314,1
0.0049791847,0.0091886955,0.0019890668,0.011851233,0.032956923,0.0067602579,0.0047301965,0.0801469997,0.0835642214,0.0175979723,1
0.0042329924,0.0080650726,0.0011957038,0.0103550987,0.0281242514,0,0.0040213182,0.0722004048,0.0752845506,0.0167804397,1
0.0043827264,0.0083072046,0.0012379996,0.0106496748,0.0291190933,0,0.0041635646,0.071255736,0.0717967896,0.0157377593,1
0.0067777521,0.0069131055,0.0027996433,0.0126759242,0.0219709145,0.0294816797,0.0208422964,0.0738541212,0.0758634047,0.0210551887,1
0.00515493,0.0095130197,0.0014561258,0.0122695341,0.0341201707,0,0.0048971535,0.0814783386,0.0815440205,0.0185106347,1
0.0055177925,0.0058732028,0.0035278967,0.0118925374,0.0100783206,0.0430801884,0.0247847738,0.0577661421,0.0430931877,0.0234208448,1
0.0037494019,0.0072894979,0.0014977976,0.0101031969,0.0249112478,0.0088171383,0.00356191,0.0643493603,0.0743550473,0.0306647614,1
0,0,0,0,0,0,0,0,0,0,1
0,0,0,0,0,0.2156984737,0,0.0628895317,0.0628895317,0.0237700087,1
0.005108978,0.0094282189,0.0014431456,0.0121601612,0.033816017,0,0.0048534994,0.0819800176,0.0819800176,0.0189102398,1
0.0041707346,0.0076319434,0.0011143878,0.009778713,0.02621161,0,0.003747841,0.0685369335,0.0821466573,0.0233584159,1
0.005157951,0.0093816295,0.002030831,0.0121849857,0.0337128263,0.0119549649,0.0048295159,0.0811910306,0.0814471543,0.0179674749,1
0.0077387926,0.0029098215,0.0112413006,0.0137677252,0.0075187837,0.152139832,0.0175008036,0,0,0,0
0.0039343146,0.0059377917,0.0025960547,0.0089351638,0.025504324,0.0419594442,0.002421514,0.0856339811,0.0884759377,0.0107328712,1
0.0043697706,0.0077736788,0.0019961931,0.0101786276,0.0271592119,0.0110790066,0.0038760266,0.0682781503,0.083241425,0.0235954569,1
0.0023223042,0.0044017935,0.000655987,0.0056810142,0.0154295267,0,0.0022061756,0.086159188,0.0871497723,0.0092060848,1
0.0070898373,0.0123205481,0.0044721624,0.0179900026,0.0219562167,0.0510323975,0.0045348826,0.0636338124,0.0608304699,0.0506140104,1
0.0042507143,0.0080569833,0.0012007098,0.010328896,0.028241997,0,0.0040381539,0.0703622828,0.0712874658,0.0152637222,1
0.0051732018,0.009546739,0.0014612871,0.012313024,0.0342411109,0,0.0049145117,0.0815690782,0.0816351528,0.0182836887,1
0.002956207,0.0030674246,0.0038196515,0.0078744134,0.0058537535,0.0823608063,0.0071811431,0.0799476878,0.0696677012,0.0664885392,1
0.005185877,0.0095701301,0.0014648675,0.0123431929,0.0343250073,0,0.0049265531,0.0819013553,0.0818351724,0.0183284868,1
0.0041096602,0.0024779143,0.0108544727,0.0036181576,0,0.1407463126,0,0.0724967372,0.025711943,0.0140830112,1
0.0049002322,0.0092396048,0.0013841807,0.0119071726,0.0324959453,0,0.0046551922,0.0806352336,0.0805752148,0.0175960506,1
0.0044498602,0.0083016186,0.0017776141,0.0107394967,0.0294533565,0.0104643444,0.0042273414,0.0710114628,0.0710676205,0.0159788275,1
0,0.000807739,0.0005897151,0.0020428331,0.0017041455,0.0094008582,0,0.0972484161,0.0956276474,0.0056224543,0
0.0050935662,0.0093997777,0.0014387922,0.0121234788,0.0337140076,0,0.0048388583,0.0813480902,0.0826232163,0.018002232,1
0.0035351804,0.0082314262,0.0007009751,0.0105379671,0.0279585426,0,0.0023574769,0.0758741844,0.0762493573,0.0202957024,0
0.0051905093,0.0095786787,0.001466176,0.0123542185,0.0343556683,0,0.0049309537,0.0817756271,0.0817756271,0.0186383952,1
0.003413847,0.0078713085,0.0006581096,0.0101741272,0.0271629987,0.0031632033,0.002213314,0.0754975465,0.0784665996,0.0182333902,0
0.008195037,0.0052197788,0.0109005451,0.0204253968,0.0190742886,0.1784457104,0.0094655839,0,0,0,1
0,0,0,0,0,0.1826020609,0,0.0739358087,0.0652052542,0.0348536745,1
0.0054386299,0.0114772519,0.0019098258,0.014163647,0.0180951588,0.0091795766,0.0064230096,0.06593214,0.0777281073,0.0218840574,1
0.0057123264,0.0083609637,0.0016461757,0.011794402,0.031852324,0,0.0031963946,0.0824987558,0.0828298558,0.018496673,1
0.0045599116,0.0069449567,0.0012747291,0.0099559525,0.0201282694,0.0231578255,0.0016203682,0.0811534834,0.0771015491,0.0404392789,0
0.0043312882,0.0082947834,0.0017302474,0.0105246841,0.0287773348,0.0058806064,0.0041146986,0.0715376989,0.0716432897,0.016265771,1
0.0034400466,0.0079113249,0.0015234089,0.0111427756,0.0256853992,0.0283590074,0.002091634,0.0752380416,0.0720281611,0.0273161805,0
0.0043618234,0.0078609772,0.0023308905,0.0102267404,0.0274125367,0.0097024496,0.0039195544,0.0685964037,0.0816110386,0.0235712058,1
0.0042395068,0.0076576836,0.0015812976,0.0098752004,0.0263495896,0.0093086809,0.0037604813,0.0691343647,0.080877164,0.0230295621,1
0.0049297698,0.0092952991,0.0019693267,0.0119789465,0.0326918238,0.0066931671,0.0046832526,0.0806976725,0.0806369747,0.0177021157,1
0,0,0.0144627949,0,0,0.3254380886,0,0,0,0,1
0.0049010409,0.0091081568,0.0019296782,0.0118168174,0.0320942514,0.0065584135,0.0045889647,0.0796653008,0.0829040987,0.0173457188,1
0.0046875721,0.0086505474,0.0013241101,0.0119903268,0.0313786789,0,0.0044531663,0.0819230509,0.0840041372,0.0165673238,1
0.0069381031,0.0120229527,0.0055983746,0.017505803,0.0214015584,0.0706261362,0.0044378286,0.0623425067,0.0579568545,0.0495307869,1
0.0007541583,0.0014734572,0.0035133635,0.0176980782,0,0.020682242,0,0.0348648509,0.0314577295,0.003947667,1
0.0018138701,0,0.005589279,0,0,0.1717191316,0,0.0819525214,0.063869494,0.0361549849,1
0.0022875568,0.0014897921,0.0057554048,0.0046992683,0.0040577534,0.1405383243,0.0066785327,0.0559512668,0.048803306,0.0267753344,1
0.0037830692,0.0074633857,0.0015112469,0.0097355269,0.0251349355,0.0072638073,0.0035938938,0.0657216938,0.0683877422,0.014206983,1
0.003512751,0.0026514594,0.0025485739,0.0067428927,0.0042109922,0.0417486972,0.0037587235,0.0305544054,0.0208927702,0.0224640456,1
0.006198823,0.0091418284,0.0015570071,0.0127446524,0.0283676643,0,0.0037027161,0.081721324,0.082466972,0.0180119592,1
0.0028975052,0.0067549975,0.0009879874,0.0086695546,0.023485685,0.0061306242,0.0019183843,0.0787687965,0.0799489967,0.0156470097,0
0.0051812571,0.0095616043,0.0020697899,0.0123321967,0.0342944282,0.0070346124,0.0049221642,0.0819604799,0.0818944625,0.0183121585,1
0.0035740542,0.0069495738,0.0014072061,0.0090652909,0.023448655,0.0067637352,0.0033464745,0.0619281064,0.0644988219,0.0139644046,1
0,0,0.0046552141,0.0065834669,0,0.2609384115,0,0.0431331864,0.027678089,0.0181195625,1
0.0065456317,0.0091525962,0.0011905845,0.013257788,0.030385889,0.0080928991,0.0040041012,0.0800422277,0.0800869315,0.0173393293,1
0.0064214717,0.0066744777,0.0029056428,0.0121551758,0.0208864314,0.0327531042,0.019746697,0.0720237033,0.0721961564,0.0134612103,1
0.0031595313,0.0061093787,0.0019364345,0.0078790653,0.0272708731,0.0188717131,0.0021708329,0.0797927526,0.0800165756,0.0173459066,0
0.0089781988,0.0101275316,0.0256132939,0,0,0.256274493,0,0,0,0,0
0.0044688325,0.0083919002,0.0017595055,0.0108463206,0.0293191167,0.0103577439,0.0041842774,0.0724782502,0.0727473868,0.0158160508,1
0.0043475509,0.0081107512,0.001736744,0.0104925787,0.0287761773,0.0059026863,0.0041301481,0.0706838418,0.0748189995,0.015611449,1
0.0027558598,0.0021981459,0.0032096502,0.0064193004,0.0065585393,0.0851993981,0.0120686178,0.0542162346,0.0461845862,0.0616263659,1
0.0041259438,0.0061839107,0.0026156944,0.0093398973,0.0267910333,0.0435518425,0.002539459,0.0895802545,0.0909202045,0.0111269987,1
0.0050642333,0.0093456461,0.0020230417,0.0120536619,0.0335198547,0.0119091115,0.0048109922,0.0812620329,0.0814525655,0.0187446231,1
0.0049337486,0.0091048468,0.0013936482,0.011743088,0.0326561844,0,0.0046870325,0.0816685832,0.0839194806,0.0174373872,1
0.0049000188,0.0077554575,0.0010088424,0.0108186299,0.0249085928,0,0.0033928774,0.0827103379,0.0832059848,0.0244174193,1
0.0057814281,0.0062438899,0.003722038,0.012446207,0.0107558621,0.0514557677,0.0261486882,0.060262888,0.0457435469,0.0210999248,1
0.0033348214,0.0061428702,0.0012438582,0.0078175274,0.0207267452,0.0073222642,0.0029580172,0.0542016129,0.0634031708,0.0182227011,1
0.0084222971,0.0095004668,0.0240273995,0,0,0.2494819103,0,0,0,0,0
0.0044166249,0.008239615,0.0017643374,0.010659285,0.0292333738,0.0103861878,0.004195768,0.0707037785,0.0707037785,0.0158594841,1
0.0022445497,0.0058471331,0.0026141459,0.0119795213,0.0097525595,0.0410367614,0,0.0661162799,0.0645313717,0.0562448753,1
0.0025021049,0.0063110977,0.0027564731,0.0075043758,0.0239162983,0.0055656877,0.0027537198,0.0866829377,0.0845474971,0.0249592347,0
0,0,0,0,0,0.1796327238,0,0.0791822275,0.0740681916,0.027995145,1
0.0042960117,0.0080146001,0.0017161553,0.0103681915,0.0284350421,0.0101025523,0.0040811861,0.0700585217,0.07463283,0.0163621455,1
0.0051278816,0.0094631041,0.0020484677,0.0122051548,0.0336820428,0.0069621443,0.0048714578,0.080328598,0.0842556323,0.0181235132,1
0.0050518773,0.0091886955,0.0019890668,0.0119344005,0.0333926331,0.0067602579,0.0047301965,0.0819953672,0.0819344267,0.0175979723,1
0.0022249413,0.00895522,0.0015673747,0.0134160928,0.0237485879,0.0244889826,0.0019248063,0.0770774901,0.0743353459,0.0274645223,0
0.0046521045,0.0085850947,0.0013140915,0.0110727314,0.0307919992,0,0.0044194723,0.080060202,0.083681756,0.0182039155,1
0.0057022876,0.0082720102,0.0015039465,0.011746198,0.0270540739,0.0051114757,0.0035765329,0.0728012462,0.074927559,0.0154877907,1
0.0053055485,0.0111964075,0,0.0138170674,0.0176523765,0,0.0062658408,0.0660665497,0.073358618,0.0200791753,1
0.0031705624,0.0126411995,0.0008585212,0.0157778819,0.0249562239,0.0079908975,0.0014436631,0.0730015432,0.0722391208,0.0397617178,0
0.0044561803,0.0094656969,0.0013821456,0.0118735879,0.0262670478,0,0.0020788043,0.0802406271,0.080384772,0.0209741145,1
0.0044245047,0.0083425995,0.0012498008,0.0106049112,0.0292855297,0,0.0042032538,0.0727527594,0.0727527594,0.0158877793,1
0.0076884702,0.0086727,0.0219339145,0,0,0.2194603645,0,0,0,0,0
0,0,0,0,0,0,0,0,0,0,1
0.0012195404,0.0039999607,0.0010490014,0.0049942456,0.0059992753,0.033947969,0.0032205517,0.0416835101,0.0385434023,0.0218187279,1
0.0039054377,0.005499578,0.0017191797,0.0090476837,0.0154220566,0.0258119699,0.0015913992,0.0760880967,0.069920495,0.0373662961,0
0.0070678347,0.0046029912,0.0067211152,0.0082316514,0,0.1230139162,0.0252720907,0.0961205564,0.0337733209,0.0282567876,1
0.0034028768,0.0065829591,0.0016648802,0.0083244009,0.0226089148,0.0092401975,0.0032327132,0.0666831689,0.0793663968,0.0203781513,1
0.0088778806,0.0100143713,0.0253271029,0,0,0.253411001,0,0,0,0,0
0.0096810395,0.0105942913,0.0086476503,0.0278878343,0.0292141892,0.1374368886,0,0,0,0,1
0.002004173,0.0022607347,0.0057175691,0.0073813499,0.0075414563,0.0904526664,0,0.0944182011,0.0685932328,0.03233516,1
0.0028055537,0.006226358,0.0030491706,0.0096317222,0.0165363425,0.0177180428,0.0025210833,0.0671335944,0.068250246,0.036703872,0
0.002561972,0.0065280429,0.0011703568,0.0081365755,0.0243493443,0.0064955593,0.0027832237,0.0924395421,0.0926637591,0.0186592229,0
0.0014151624,0.0019550879,0.0023308905,0.0028547461,0,0.1077510798,0,0.0372233087,0.0279635121,0.0064152696,1
0.0045487833,0.0087556375,0.001284906,0.0113479829,0.0303362172,0.010696973,0.0043213177,0.0753515778,0.0765045651,0.0163340464,1
0.0023716319,0.0169875926,0.0005129191,0.0132930846,0.0252413331,0.0182834908,0.001574719,0.0729756899,0.0725099508,0.0648220863,0
0,0,0,0,0,0,0,0,0,0,1
0.0046184508,0.0097392421,0.0011298039,0.012580964,0.0201194631,0.0093006368,0.0023008251,0.0828251301,0.0828769996,0.0154992532,0
0.0027088951,0.0071007374,0.0051520152,0.0089976078,0.0125670687,0.1266315394,0.0072483805,0.0830053567,0.0734526558,0.030301899,1
0.0048157561,0.0074218514,0.0045795145,0.0093852119,0.0141916463,0.0736643484,0,0.0844883463,0.0450938666,0.0112734667,1
0.0048449741,0.0062808285,0.0021922956,0.0101059833,0.0165859692,0.0313177331,0.014898802,0.058326901,0.060187139,0.0113774751,1
0,0,0,0,0,0,0,0,0,0,1
0.0027178062,0.0070173829,0.0007513113,0.008777811,0.0215477751,0,0.0017866921,0.0823415242,0.0820119834,0.0177077616,0
0.0043806336,0.00817247,0.0012374084,0.0105724219,0.0289951495,0,0.0041615765,0.0709497668,0.0716546729,0.0157302443,1
0.0011322044,0.0021571762,0.0007833874,0.0027696927,0.0075224328,0.0040670441,0.0010755876,0.0206306059,0.0217755793,0.004712839,1
0.0041848012,0.0076576836,0.0011181463,0.0098116936,0.0263000136,0,0.0037604813,0.0684459868,0.0811110262,0.0233021108,1
0.0051245304,0.0094569197,0.0014475388,0.0121971785,0.0339189579,0,0.0048682742,0.0826147292,0.0821652093,0.0195177107,1
0.0067432344,0.0031053247,0,0.0078536012,0.0065515286,0.0924641478,0,0.0876539516,0.0394640151,0.0144102209,1
0.0032750682,0.0030164012,0,0.0082399453,0.0089999423,0.1026249924,0.0165611365,0.069637044,0.0629890763,0.0296933353,1
0.0009603712,0.0012111796,0.001369889,0.001369889,0,0.0161283483,0,0.0207272467,0.0090627257,0.0030784549,1
0.0033104439,0.0055807838,0.0009478671,0.0102208355,0.0165896534,0.0323029803,0.0121007024,0.0664929625,0.0581113471,0.0330988255,0
0.0050848219,0.0093836407,0.0014363222,0.012102666,0.0336561295,0,0.0048305513,0.0810800438,0.0810800438,0.0179713268,1
0.004089127,0.0076391772,0.0016100048,0.0098592254,0.0271288283,0.0054719367,0.0038287498,0.0687429529,0.071404949,0.015770715,1
0.0044474197,0.008177677,0.0012381968,0.0105064482,0.0290687303,0,0.004164228,0.0709949721,0.0709404235,0.0162246956,1
0.0118234195,0.0039046678,0.0065834669,0.0285072479,0.0058251178,0.2276348413,0,0,0,0,1
0.0075004733,0.005101956,0.0117789862,0.014305529,0.0213590834,0.1565912641,0.0108488415,0,0,0,1
0.0016160905,0.0036459445,0.0059520458,0.0046104348,0.0038460567,0.0613584073,0,0.093438013,0.075427071,0.0059817558,1
0.0036900837,0.0072799402,0.001042347,0.0094962335,0.0245171339,0.0050100406,0.0035055581,0.0635475292,0.0635475292,0.0134560234,1
0.003339658,0.0026637986,0.0050214248,0.0067369483,0.0064894274,0.1339464538,0.0119414424,0.1065753605,0.0439942762,0.0338528813,1
0.0049943113,0.0069776597,0.0023099386,0.0112194812,0.0174590964,0.0274012514,0.0020285212,0.0805778028,0.0749223597,0.0213168718,1
0.0022212705,0.0053152305,0.0008623445,0.0072917842,0.0145573236,0.0041448583,0.00205074,0.0527161967,0.0541395527,0.0086664893,1
0.0049997262,0.0090938395,0.0013919633,0.0118112003,0.033047917,0,0.0046813661,0.0814498062,0.0832322888,0.0174163064,1
0.0051056637,0.0094221026,0.0014422094,0.0121522726,0.0337940799,0,0.0048503508,0.0814123763,0.0826925237,0.0180449881,1
0.0014248499,0.0019684715,0.0023468465,0.0028742883,0,0.0943762274,0,0.0374781205,0.0281549359,0.0064591853,1
0.003447772,0.0084245395,0.0007043645,0.011025048,0.028623327,0.0117278114,0.0023688757,0.07794724,0.0777702515,0.0221035574,0
0.0050656906,0.0076270971,0.0016331798,0.0117088853,0.0234556184,0.0335805991,0.0027463053,0.0796764793,0.0792866952,0.041246119,0
0.0054862562,0.0070034895,0.0026763274,0.0107053098,0.0259213723,0.0491523829,0.0023240124,0.0694994737,0.0706181455,0.0681505213,1
0.0050332852,0.0092885338,0.0014217645,0.0119800007,0.0333150112,0,0.0047815917,0.0813322136,0.0813322136,0.0177891803,1
0.0049208525,0.009081048,0.0019657644,0.0117123933,0.0325708257,0.0115719354,0.0046747813,0.0796992784,0.0847427985,0.0184798277,1
0.0034540005,0.006976066,0.0013797917,0.0088886862,0.0231211318,0.0046895096,0.0032812804,0.0596030067,0.0619366049,0.0127845489,1
0.0050868582,0.0025661322,0.00749394,0.0094296677,0.0069893858,0.2208191638,0.0115036171,0.0706168333,0.0473836829,0.0194458532,1
0.0032308595,0.0119645694,0.0046931175,0.0168280447,0.0218981918,0.0459134898,0.0084366926,0.0812052063,0.0726321446,0.0225493909,1
0.0075113121,0.0051093288,0.0116476245,0.0142042744,0.0213899492,0.1565611047,0.0108645191,0,0,0,1
0.0048119325,0.0088800448,0.0013592385,0.0114531469,0.0318498912,0,0.004571308,0.0798860834,0.081790461,0.0190754759,1
0.0049915145,0.0092114492,0.0019939922,0.0118805798,0.0330385333,0.011738105,0.0047419098,0.0808437368,0.0828674426,0.0205343297,1
0.0037586147,0.0084795381,0,0.0114349149,0.0135483268,0,0.0050496789,0.0485457856,0.0493597836,0.0172049349,0
0.0037665658,0.00346908,0.0222244426,0.0098091448,0.0089638703,0.2538978622,0,0,0,0,0
0,0,0.0101173603,0,0,0.238232901,0,0.0643072048,0.060153882,0.0227360303,1
0.0044109205,0.0083606449,0.0012459636,0.0107181842,0.0293064165,0,0.0041903489,0.0709999866,0.0709999866,0.0158390004,1
0.0029049047,0.0030141922,0.0037533649,0.00773776,0.0057521669,0.080931509,0.0070565208,0.0810672498,0.0712592546,0.0640285525,1
0.0046333566,0.0066661017,0.0009056953,0.0097335918,0.0226850008,0,0.0021538327,0.0610421953,0.0614480204,0.0111478262,1
0.0025904534,0.0043304419,0.0005833302,0.0057154456,0.0165485936,0.0019825693,0.0013872167,0.0835163347,0.0968187068,0.0242954681,0
0.0034670533,0.006954771,0.0005279383,0.0093252496,0.0220820608,0,0.0017755299,0.0822987808,0.0824013338,0.015694577,0
0.0042699513,0.0079659821,0.0012061437,0.0103052962,0.0282625501,0,0.0040564289,0.0714046025,0.0722230201,0.0153327996,1
0.0049258005,0.0090901793,0.0019677411,0.0117241705,0.0326035767,0.006687778,0.0046794819,0.0833748705,0.0847703627,0.0190195936,1
0.0081937201,0.0051815278,0.0108206649,0.0203397801,0.0189345104,0.1796651046,0.0093962192,0,0,0,1
0.0020662664,0.0015714095,0.0017773223,0.0034033131,0.0036317472,0.0478187694,0.0054565783,0.0627714402,0.0583824081,0.0472582499,1
0.0033879447,0.0139110095,0.0039458167,0.0165065355,0.023333438,0.0621827665,0.0046917702,0.0745843228,0.0618321198,0.0168825613,1
0.005028615,0.0043997306,0.004090459,0.0093872841,0.0110043023,0.078970157,0.0238274462,0.0792344186,0.0663071395,0.0324993351,1
0.0058925619,0.0082720561,0.0010717977,0.0119350338,0.0273542322,0,0.0036046046,0.0740808233,0.0745880984,0.0163357526,1
0.005628063,0.0078797041,0.0017038395,0.0114803892,0.0271698193,0.0036624574,0.0025626453,0.0735909741,0.0804801842,0.0206903354,1
0.0075140292,0.005111177,0.0116518377,0.0142094125,0.0213976866,0.1566177374,0.0108684491,0,0,0,1
0.0043995777,0.008251822,0.0012427596,0.0106181425,0.0291205395,0,0.0041795733,0.0725581881,0.0734662022,0.01579827,1
0.0105978247,0.0061325249,0.0183512295,0.0192052266,0.0100219116,0.2380839589,0.0233271117,0,0,0,1
0.0031388048,0.0061325249,0,0.0051698732,0,0.0745469792,0,0.1114349004,0.0813252404,0.0116178915,1
0.00402722,0.0073249795,0.0015856302,0.0095137813,0.0263222676,0.0093341858,0.0037707847,0.0792378135,0.0828030273,0.0161334135,1
0.007408071,0.0075057239,0.0029378267,0.0137011115,0.0227933427,0.0331158889,0.0199654182,0.0734670117,0.0752257796,0.0150064794,1
0.00492265,0.0023677291,0.0081080151,0.0073339756,0.0049953696,0.1365255678,0,0.076518508,0.0491372245,0.0109874174,1
0.0034269841,0.006695563,0,0.0112890571,0.0115339242,0.1182587745,0.0189833343,0.0905858122,0.0841397918,0.0126845509,1
0.0031272438,0.0024943715,0.0055635336,0.0063084542,0.0060766765,0.1709281595,0.0111819237,0.099010529,0.0411960823,0.0302580579,1
0,0.0048231313,0,0,0,0.1015501186,0,0.0866838773,0.0775324168,0.0158262383,1
0.004090229,0.0024661983,0.0091809129,0.0044103679,0.0036791595,0.1483890184,0,0.0618948545,0.0255903728,0.0099111088,1
0.0076280321,0.0051887238,0.0116759857,0.0145488197,0.0217223324,0.1592543749,0.0110333452,0,0,0,1
0.0076223501,0.0051848588,0.0116672885,0.0145379826,0.0217061518,0.1596549541,0.0110251267,0,0,0,1
0.0087808517,0.0099049213,0.0250502956,0,0,0.2506413987,0,0,0,0,0
0.0040557334,0.0076700748,0.0021964136,0.0101249664,0.026073566,0.0118031529,0.0036934222,0.0677668382,0.0712285414,0.0165553287,1
0.0086869361,0.0097989833,0.0247823703,0,0,0.247960665,0,0,0,0,0
0.0045417528,0.0082608465,0.0017882163,0.0107292978,0.0296852997,0.0105267566,0.0042525544,0.0795628819,0.0838612926,0.0181946792,1
0.0040584474,0.006082748,0.0026779637,0.0091871058,0.0263527584,0.0429878679,0.002497916,0.0895417999,0.0921484228,0.0109449719,1
0.0043285955,0.0082472241,0.001222709,0.0105181409,0.028759444,0,0.0041121405,0.0724895107,0.0725415678,0.0155433826,1
0.0049002322,0.009042995,0.0019575271,0.0116633139,0.0324343416,0.0115234446,0.0046551922,0.0801538249,0.0836391019,0.0173189301,1
0.0049198646,0.009079225,0.0019653698,0.0117100421,0.0325642874,0.0115696124,0.0046738428,0.0797444565,0.083449898,0.018476118,1
0.0072994343,0.0074452058,0.0031622964,0.0135848312,0.0236620114,0.0375121996,0.0224465237,0.0736963575,0.0741930529,0.0140503738,1
0.0053437458,0.0101692604,0.0019931688,0.0128400916,0.0335852009,0.0135483989,0.0047399515,0.0818586787,0.0815517459,0.0214810455,1
0.0036904346,0.006719202,0.0009860554,0.00966133,0.0231930925,0,0.0033162413,0.0628704636,0.0746200009,0.0322638844,1
0.0071022052,0.007244038,0.0032136669,0.0133150822,0.0230226691,0.0362252266,0.0218400237,0.0726684343,0.0732937428,0.0160134044,1
0.0054220232,0.0068559974,0.0012546303,0.0104217424,0.0252927473,0.0049237847,0.0024361273,0.0669580444,0.0768524321,0.0196688519,1
0.0043181556,0.007782278,0.0011537775,0.0110666452,0.0271380995,0,0.0038803142,0.0681073589,0.0810017502,0.0334059278,1
0.0036248271,0.0094722685,0,0.0114324313,0.0132710674,0.0173767079,0.0044898591,0.0698878825,0.0601517596,0.0747018151,0
0.0074789356,0.0050873057,0.0117451627,0.0142644506,0.0212977507,0.1571588313,0.010817689,0,0,0,1
0.0009503533,0.0009283893,0.0039907762,0.0054223971,0.0025286582,0.0525311495,0.0041618414,0.0501491288,0.0480704758,0.0291134318,1
0.0091545162,0.0067602288,0.0100745806,0.0241789934,0.0263632118,0.2386053723,0.0067764431,0,0,0,1
0.0047847455,0.0070132668,0.0027469719,0.011989921,0.0207799831,0.056255818,0.0106162308,0.0726047545,0.0734410497,0.036372962,1
0.0039570156,0.0078770096,0.0024633965,0.0101568441,0.0271537766,0.0436649212,0.0037050506,0.0726859345,0.0755390617,0.0160443228,1
0.0044389403,0.0082812465,0.0012538784,0.010713142,0.0291567919,0,0.0042169675,0.0708932212,0.071506544,0.0161867562,1
0.0051515255,0.009506737,0.0014551641,0.012261431,0.0340976367,0,0.0048939193,0.0815557521,0.0816212851,0.0190677243,1
0.0066389129,0.0036325943,0.0102714966,0.0124394001,0.0076639474,0.1502880317,0.0154487571,0,0,0,0
0.0089781988,0.0101275316,0.0256132939,0,0,0.256274493,0,0,0,0,0
0.0044123445,0.0082316296,0.0012463659,0.0106489545,0.0292050423,0,0.0041917017,0.0711332781,0.0711332781,0.0158441139,1
0.004165044,0.0025797824,0.0021197539,0.0071966553,0.004868147,0.0279515288,0,0.0234132882,0.0178236599,0.0067367102,1
0.0044055015,0.0081006001,0.0017345703,0.0105509794,0.0287947493,0.0058952987,0.004124979,0.0705415484,0.0736501176,0.0155919103,1
0.0031044999,0.0024762303,0.004667847,0.0062625739,0.0060324819,0.1245147701,0.0111005996,0.1129777778,0.0408964704,0.0354173823,1
0.0050913759,0.0093957357,0.0014381735,0.0121182656,0.0336995101,0,0.0048367776,0.0811845509,0.0824611159,0.0179944907,1
0.0049258005,0.0090901793,0.001391403,0.0118064463,0.0326035767,0,0.0046794819,0.0800241411,0.0817166819,0.0184984097,1
0,0,0.0117241705,0,0,0.1782013645,0,0.0745202906,0.0697073489,0.0263469014,1
0.0036295394,0.0082997517,0.00069969,0.0106573606,0.0289322388,0.00752003,0.0023531548,0.0778121621,0.0840589968,0.0189989464,0
0.0025091431,0.0059920641,0.0007010736,0.0073779463,0.0244638844,0.0023827448,0.001178904,0.0849259014,0.0847540197,0.0093869654,0
0.0011502593,0.0021227134,0.0003249166,0.0027377957,0.0076134967,0.0022085934,0.0010927396,0.0231934242,0.0233195075,0.0045010215,1
0.0039019076,0.0090020292,0.0007627169,0.0115420017,0.0308571524,0,0.0025651231,0.0776424966,0.0781892151,0.0206392929,0
0.0050322583,0.0091530111,0.0014010205,0.0118880532,0.0332629524,0,0.0047118268,0.0819193027,0.0819797821,0.0175296304,1
0.0071652914,0.007308384,0.0032422127,0.013433355,0.0232271707,0.0370966113,0.0220340203,0.0731629131,0.0753375742,0.0150204655,1
0.0034663536,0.0066646906,0.0017573081,0.0099408357,0.0240136963,0.0212565599,0.0027860344,0.0730667723,0.0709369284,0.0257616372,0
0.0054564664,0.007552694,0.0013626441,0.0110281608,0.0247091122,0.0080215255,0.0032405018,0.0668788892,0.0760011595,0.0193668887,1
0.00515493,0.0095130197,0.0020592729,0.0122695341,0.0341201707,0.0069988679,0.0048971535,0.0818062206,0.0817407494,0.0182191104,1
0.0031074816,0.008109969,0.000877778,0.0125064116,0.0224024965,0,0.0029520895,0.0735426917,0.0726912281,0.0390548662,1
0.0043715992,0.0083291586,0.0017463507,0.0106941703,0.0290451634,0.0102803048,0.0041529938,0.0723100686,0.0736814977,0.0171062843,1
0.0033680208,0.0026864215,0.0055474111,0.0067941633,0.0065445403,0.1350840238,0.0120428577,0.1059024719,0.0443679073,0.0325877276,1
0.0048789057,0.0090036385,0.0019490077,0.0116125534,0.0322931826,0.0114732929,0.0046349321,0.0795642441,0.0857156965,0.0190913998,1
0.0021397529,0.0048802936,0.0006044213,0.0064816961,0.0142166446,0,0.0020327528,0.0479068217,0.0488223215,0.0097000117,1
0.0031414441,0.0090101473,0.0011159011,0.0113251588,0.0294005825,0.0065690145,0.0032501331,0.0788028024,0.0776573227,0.0265980239,0
0.0050078001,0.0091085248,0.0013942111,0.0118302737,0.0331012846,0,0.0046889259,0.0815813361,0.0830718016,0.0174444312,1
0.0035220011,0.0044491957,0.0012419262,0.0069652628,0.0153030809,0.0174498736,0.0012593437,0.0826071825,0.0794703201,0.0509081627,0
0.0088778806,0.0100143713,0.0253271029,0,0,0.253411001,0,0,0,0,0
0.0062912418,0.010575562,0.0042577315,0.015843198,0.0182176958,0.0740048121,0.0074299424,0.0719934404,0.0587424507,0.0487157027,1
0,0,0,0,0,0.1581380235,0,0.081739112,0.0652052542,0.0348536745,1
0.0046272578,0.008539242,0.0018484803,0.0123309014,0.0313184738,0.0062824454,0.004395868,0.083027246,0.0823490353,0.0183433878,1
0.0047538679,0.008772891,0.001899058,0.011314944,0.0314655647,0.0111792524,0.0045161469,0.0788644007,0.084170606,0.0193224674,1
0.0021863194,0.0024661983,0.0095274836,0.011387521,0.0104062345,0.1748067419,0,0.0632035585,0.0542853785,0.0291775142,1
0.0048036385,0.0088647387,0.0013568956,0.0122872124,0.0321556286,0,0.0045634286,0.0831166958,0.0829487266,0.016977538,1
0.0009842285,0.001695894,0.0018718924,0.0161569363,0.0030239201,0.0498921637,0.0049769779,0.0692169618,0.0767915403,0.013135016,1
0.003162633,0.0060749041,0.0011306607,0.010481382,0.0154789844,0.0362461991,0.0093767414,0.0701786889,0.0608094993,0.0447247111,0
0.0045913248,0.0054932412,0.00534735,0.0075622949,0.0094627782,0.0852440065,0,0.0755239298,0.0384722835,0.0120167225,1
0.0035275611,0.0077368264,0.002869447,0.0105430214,0.0261068348,0.046156845,0.002642857,0.0791330876,0.0708433778,0.0228437547,0
0.0050149566,0.0063299637,0.0010708393,0.0103821718,0.0215506101,0,0.0025465611,0.0834650234,0.0892649411,0.0116655612,1
0.0049823569,0.0060645315,0.0014407222,0.0092874138,0.0211609368,0.020123091,0.0016151164,0.059386038,0.0599909385,0.0904221798,1
0.0052498922,0.0095488584,0.0020670308,0.0124021849,0.0343137623,0.0121680639,0.0049156027,0.0817193116,0.0820486935,0.0188684552,1
0.0051267638,0.0094610413,0.0014481696,0.0122024943,0.0339337406,0,0.0048703959,0.0816840263,0.0816840263,0.0186949295,1
0.0051368504,0.0094796552,0.0020520505,0.0122265019,0.0340005029,0.0069743212,0.004879978,0.0811270699,0.0813234245,0.0190134061,1
0.0027253913,0.0021738434,0,0.0063483294,0.0064860289,0.0747418736,0.0119351887,0.0533790566,0.0459516308,0.0590367126,1
0.0043653773,0.0082743203,0.0012330989,0.0106075178,0.0290038245,0,0.004147083,0.0710817772,0.0710817772,0.0156754609,1
0.0099610506,0.0030301783,0.0088491056,0.0189016979,0.0078297777,0.1438446896,0.0128867926,0,0,0,0
0.0051594798,0.009521416,0.0020610904,0.0122803634,0.0341502855,0.0121330943,0.0049014758,0.0817473134,0.0818128949,0.0182351908,1
0.0044563042,0.0086093414,0.0013400771,0.0110505589,0.0312812764,0.0111562777,0.0045068657,0.0820864773,0.0841055224,0.0178160422,1
0.0065043992,0,0,0.0107132879,0.0289595108,0,0,0,0,0,1
0.0051743503,0.0095488584,0.0014616115,0.0123157575,0.0342487125,0,0.0049156027,0.0818512234,0.0825076191,0.0185803703,1
0.0082249174,0.0052012563,0.0108618642,0.0203529167,0.0190066029,0.1783227138,0.009431995,0,0,0,1
0.0034119008,0.0078847829,0.000943187,0.010136518,0.0276450352,0.0101370528,0.0022429915,0.076817517,0.0848617509,0.0190170508,0
0.0099257723,0.0066516572,0.0064750004,0.0282238724,0.024306706,0.1837916634,0.0076990941,0,0,0,1
0.0042874898,0.0082942673,0.0012110978,0.0104182574,0.0284863354,0,0.0040730904,0.0710231945,0.0720071573,0.0153957778,1
0.0044209177,0.0083795941,0.0012487876,0.0107424767,0.0293728388,0,0.0041998462,0.0712162199,0.0712162199,0.0161210362,1
0.0050502896,0.0093199141,0.0014265678,0.0120204737,0.0334275623,0,0.0047977458,0.0811016741,0.0822967225,0.017849279,1
0.0048305187,0,0.015912534,0.007956267,0,0.1912089671,0,0.0536386732,0.0536386732,0.0178795577,1
0.0028453653,0.0073791148,0.0014970647,0.0087036002,0.0227690487,0.0032179885,0.0022516475,0.0776113863,0.0791706994,0.0148941609,1
0.0030596298,0.0081937513,0.0009609884,0.0110826584,0.0253761528,0.0073032645,0.0027989399,0.0667021349,0.0673976921,0.0185143819,0
0.00349293,0.0081796706,0.0006827729,0.0105994863,0.0282499476,0.0032817478,0.0022962603,0.0762248007,0.0798892747,0.0194081308,0
0.0037700142,0.007188253,0.0020992035,0.009150216,0.0247343095,0.0112807624,0.0035299567,0.0705640485,0.0840900765,0.0280079633,1
0.0051392607,0.0093476343,0.0014308108,0.0121408324,0.0339702325,0,0.0048120157,0.0826041002,0.0826666554,0.0179023682,1
0.0049628861,0.0092230907,0.0019540284,0.0119659314,0.0324992422,0.0066411727,0.0046468719,0.0801911081,0.0804911133,0.0175646009,1
0.0044124633,0.0077375571,0.0036338475,0.010061668,0.0145379913,0.0494015513,0,0.0914213036,0.0616526208,0.0066675838,1
0.004090229,0.0065249474,0.0082510429,0.0082510429,0.0068830772,0.0971434156,0,0.1065156042,0.0545861308,0.010705221,1
0.0027543857,0.0021969701,0.0032079334,0.0064158667,0.0065550311,0.0755370223,0.0120621623,0.0537055603,0.0461598819,0.0636678321,1
0.0027295183,0.0050991994,0.0010746884,0.0064927549,0.0178403744,0.0081673559,0.0025557149,0.0893250047,0.0975641075,0.0109347014,1
0.0051503922,0.0095046456,0.001454844,0.0122587335,0.0340901353,0,0.0048928427,0.0814066147,0.0814722388,0.0182030724,1
0.0037656798,0.0073932762,0.0010637009,0.0094543802,0.0251136346,0,0.003577374,0.0639622086,0.0653321937,0.0137316875,1
0.0100920447,0.006763083,0.0065834669,0.0286966669,0.0247138818,0.1868704649,0.0078280661,0,0,0,1
0.0034739187,0.0065138371,0.0013126787,0.008456341,0.0219145973,0.0077273925,0.0031216792,0.0587761472,0.0707666318,0.0202234288,1
0.0051515255,0.009506737,0.0020579129,0.012261431,0.0340976367,0.0069942457,0.0048939193,0.0813588365,0.081293092,0.018207078,1
0.0022460568,0.0119806895,0.000871967,0.0149001793,0.0220031273,0,0.0020736234,0.0824625522,0.0867512072,0.0371790888,1
0.0051537944,0.0095109241,0.001455805,0.0122668313,0.0341126544,0,0.0048960748,0.0815916718,0.0815916718,0.0182150969,1
0.0039744674,0.0075333732,0.0011226776,0.0097872766,0.0264065963,0.0053961494,0.0037757209,0.0722893079,0.0730339009,0.0157555944,1
0.00328094,0.0075797766,0.0021810669,0.0115925295,0.0161717242,0.0388731054,0.0022871602,0.0673676727,0.0683168717,0.0403763346,1
0.0051413524,0.0094879634,0.0014522905,0.0122372175,0.0340303017,0,0.004884255,0.0814601019,0.0830143298,0.0193078959,1
0.0100920447,0.006763083,0.0065834669,0.0286966669,0.0247138818,0.1868704649,0.0078280661,0,0,0,1
0.0087808517,0.0099049213,0.0250502956,0,0,0.2506413987,0,0,0,0,0
0.0050185464,0.0092613345,0.0014176012,0.0119449201,0.0332174561,0,0.00476759,0.0825206719,0.0825206719,0.0177370889,1
0.0081122697,0.0051422785,0.0077143145,0.022104609,0.0210867387,0.1490454173,0.0059520334,0,0,0,1
0.0056219436,0.0082067127,0.0017604498,0.0115440416,0.0260232943,0.0084616013,0.0034182817,0.0716486478,0.0747838539,0.0182726037,1
0.0053437458,0.0101692604,0.0019931688,0.0128400916,0.0335852009,0.0135483989,0.0047399515,0.0818586787,0.0815517459,0.0214810455,1
0.0055345631,0.0082657335,0.0017125769,0.0116572702,0.0255962535,0.0082315002,0.0033253265,0.0719998407,0.0737276761,0.0174957567,1
0.0055066434,0.0062575249,0.001276312,0.0107449249,0.0265724191,0.0043378123,0.0015175978,0.069022459,0.0793036207,0.0287890145,1
0.0044424675,0.0081685712,0.0017491249,0.0106395113,0.0290363623,0.0102966358,0.0041595911,0.0709703654,0.0709159194,0.01572274,1
0.0050707079,0.0093575945,0.0014323354,0.0120690725,0.0335627099,0,0.0048171431,0.0814295682,0.0814295682,0.0179214437,1
0.0049904835,0.0092095466,0.0019935804,0.0118781259,0.0330317093,0.0067755983,0.0047409303,0.0805160447,0.0841125369,0.0184716475,1
0.0043218855,0.0082344397,0.0012208137,0.0105725565,0.0287148626,0.0082983793,0.0041057661,0.0726884422,0.0736655503,0.0157599115,1
0.0025736213,0.006033129,0.0005103119,0.0082126924,0.020750697,0,0.0017162498,0.1078712362,0.0550935809,0.0179866653,0
0.00791621,0.0069392544,0.0061264937,0.0150067835,0.0133214751,0.0699764729,0.0251109443,0.0737640688,0.0594986097,0.0379253684,1
0.0014033264,0.002741787,0.0073092748,0.0046227913,0.0047230627,0.1823822518,0.0086910874,0.0978669122,0.0519423638,0.0226411515,1
0.0033171335,0.0026458325,0.0054635954,0.0066915105,0.006445659,0.1454255523,0.0118609025,0.1046630957,0.043697554,0.0320953606,1
0.0014151624,0.0019550879,0.0023308905,0.0028547461,0,0.1077510798,0,0.0372233087,0.0279635121,0.0064152696,1
0.0033590799,0.00267929,0.0055326847,0.0067761273,0.0065271669,0.1347254247,0.0120108883,0.1059866015,0.0451150318,0.032501219,1
0.0038063309,0.0086500139,0.0021243714,0.0109430663,0.0169258887,0.0102699834,0.0025551852,0.0803102685,0.0828905017,0.0205850946,0
0.0042233919,0.0074529026,0.0011284574,0.0108237832,0.0264421927,0,0.0037951591,0.0670936798,0.0793052647,0.0335468399,1
0.0049781613,0.009186807,0.0014061935,0.0118487972,0.0329501494,0,0.0047292243,0.0807512222,0.0833675682,0.0184260384,1
0.0086869361,0.0033285491,0.0148482256,0.0156234301,0.0099312883,0.2115397544,0.0163456047,0,0,0,0
0.0034584694,0.0060370841,0.0013068409,0.0078953094,0.021653097,0.0076930269,0.0031077963,0.0744400594,0.0898239276,0.0224619822,1
0.0043979443,0.0080867043,0.0017315948,0.0105328803,0.0287453548,0.0058851859,0.004117903,0.0708492854,0.0711159377,0.0155651639,1
0.005096857,0.0094058506,0.0020360741,0.0121313114,0.033735789,0.006920022,0.0048419845,0.0812719495,0.0812075247,0.0180138626,1
0.0044116323,0.0082744316,0.0012461647,0.0106472357,0.0291447616,0,0.0041910251,0.0725951318,0.0744616351,0.018148783,1
0.0028267124,0.0154474925,0.0011292049,0.0187597603,0.0283537586,0,0.0026853603,0.0784190996,0.0784396255,0.0472699239,1
0.0020388728,0.0020570721,0.0015018298,0.0054149244,0.0057412196,0.0714599417,0.0079861147,0.0526103605,0.0411965905,0.0602786451,1
0.0023293223,0.0137452045,0.0007886361,0.0164860779,0.0260093748,0.0065654751,0.0015313019,0.0773993567,0.0771283497,0.0427303711,0
0.0056311696,0.0100973045,0.0038470932,0.0235585385,0.0171890889,0.0516840606,0.0056024523,0.0586751063,0.0524539006,0.0384509433,1
0.0031398311,0.0060436431,0.0012542884,0.0078330285,0.0207823524,0.0042629605,0.0029828213,0.0578343522,0.0606833708,0.0122863145,1
0.0051686157,0.0095382756,0.0014599916,0.0123021082,0.0342107553,0,0.0049101549,0.0818263127,0.081892063,0.018559778,1
0.0098987294,0.0052336644,0.0089750746,0.0218003804,0.0175187826,0.1942439046,0.0047725765,0,0,0,1
0.0042901065,0.0081738915,0.001211837,0.0104246158,0.028503721,0,0.0040755763,0.0704902455,0.0704902455,0.0154051741,1
0.0043988386,0.0070309497,0.0011091985,0.0102263045,0.0261714656,0.0213254473,0.0071431504,0.0685055888,0.0693170455,0.0707951871,0
0.00276178,0.0026979513,0.0068233229,0.0064330906,0.0065726286,0.086079437,0.012094544,0.0678076086,0.0500792378,0.0526229301,1
0.0054510421,0.0115034457,0,0.0141959718,0.0181364563,0,0.0064376685,0.0673308733,0.0673308733,0.020629805,1
0.0043731746,0.0100327632,0,0.0119940534,0.0153729107,0,0.0051647093,0.0584641221,0.0584641221,0.0169065154,1
0,0,0,0,0,0.1796327238,0,0.0791822275,0.0740681916,0.027995145,1
